patient_id,patient_name,age,gender,appointment_date,booking_date,doctor,department,billing_amount,follow_up_required,appointment_id,patient_name_clean,gender_clean,appointment_date_clean,booking_date_clean,booking_lead_days,negative_lead,billing_currency,billing_amount_clean,follow_up_required_clean,department_clean,doctor_clean,is_duplicate_appointment,appointment_year,appointment_month,appointment_weekday,age_group
1080,Tammy Williams,76.0,female,2026/02/26,2024/12/03,Christopher Graham,Cardiology,£425.8,1,1,Tammy Williams,Female,2026-02-26,2024-12-03,450,False,GBP,425.8,True,Cardiology,Christopher Graham,False,2026,2,Thursday,76+
1074,Megan Strickland,69.0,F,05/23/2025,12-Jun-2024,Brandon Lewis,Orthopedics,€344.26,Y,2,Megan Strickland,Female,2025-05-23,2024-06-12,345,False,EUR,344.26,True,Orthopedics,Brandon Lewis,False,2025,5,Friday,61-75
1067,Amanda Schroeder,79.0,M,30-Nov-2025,"August 05, 24",Deanna Edwards,Neurology,€203.34,Y,3,Amanda Schroeder,Male,2025-11-30,2024-08-05,482,False,EUR,203.34,True,Neurology,Deanna Edwards,False,2025,11,Sunday,76+
1072,Anthony Mcpherson,47.0,F,"May 18, 25",09/09/2024,Karen Parsons,General,Rs85.76,No,4,Anthony Mcpherson,Female,2025-05-18,2024-09-09,251,False,INR,85.76,False,General,Karen Parsons,False,2025,5,Sunday,46-60
1092,Benjamin Brown,45.0,,2026/03/07,08/17/2024,Andrea Hernandez,General,$84.44,1,5,Benjamin Brown,Unknown,2026-03-07,2024-08-17,567,False,USD,84.44,True,General,Andrea Hernandez,False,2026,3,Saturday,31-45
1057,Joe Sharp,78.0,1,"September 26, 25",08/31/2025,Kimberly Fields,General,,Yes,6,Joe Sharp,Male,2025-09-26,2025-08-31,26,False,,,True,General,Kimberly Fields,False,2025,9,Friday,76+
1018,Alexander Harris,22.0,Female,30-Oct-2025,12/29/2024,Jim Jones,Cardiology,€99.0,No,7,Alexander Harris,Female,2025-10-30,2024-12-29,305,False,EUR,99.0,False,Cardiology,Jim Jones,False,2025,10,Thursday,18-30
1074,Raymond Williams,57.0,M,2025/04/23,28-Mar-2025,James Brooks,Neurology,Rs374.63,No,8,Raymond Williams,Male,2025-04-23,2025-03-28,26,False,INR,374.63,False,Neurology,James Brooks,False,2025,4,Wednesday,46-60
1041,Dustin Willis,54.0,female,"August 22, 25",2024/11/07,Jamie Hill,General,$452.37,Yes,9,Dustin Willis,Female,2025-08-22,2024-11-07,288,False,USD,452.37,True,General,Jamie Hill,False,2025,8,Friday,46-60
1011,Tina Gallagher,45.0,M,03/16/2026,12-Dec-2025,Tiffany Gates MD,Neurology,€494.97,Yes,10,Tina Gallagher,Male,2026-03-16,2025-12-12,94,False,EUR,494.97,True,Neurology,Tiffany Gates,False,2026,3,Monday,31-45
1086,Robert Guerrero,54.0,male,2025/04/24,07-Oct-2024,Shane Brown,Cardiology,£91.91,Y,11,Robert Guerrero,Male,2025-04-24,2024-10-07,199,False,GBP,91.91,True,Cardiology,Shane Brown,False,2025,4,Thursday,46-60
1041,Karen Walker,68.0,F,2026/03/07,2024/04/24,Natalie White,General,$82.88,Yes,12,Karen Walker,Female,2026-03-07,2024-04-24,682,False,USD,82.88,True,General,Natalie White,False,2026,3,Saturday,61-75
1057,Chris Rice,61.0,1,2025/07/31,"May 05, 24",Amy Olson,Neurology,Rs277.14,N,13,Chris Rice,Male,2025-07-31,2024-05-05,452,False,INR,277.14,False,Neurology,Amy Olson,False,2025,7,Thursday,61-75
1022,Michael Mack,70.0,M,"September 21, 25",06-Nov-2024,John Larsen II,Orthopedics,€411.01,Y,14,Michael Mack,Male,2025-09-21,2024-11-06,319,False,EUR,411.01,True,Orthopedics,John Larsen II,False,2025,9,Sunday,61-75
1046,Andrea Hubbard,36.0,F,2026/03/12,11/08/2025,Andrea Gates,Cardiology,£67.51,N,15,Andrea Hubbard,Female,2026-03-12,2025-11-08,124,False,GBP,67.51,False,Cardiology,Andrea Gates,False,2026,3,Thursday,31-45
1025,Brian Jones,23.0,female,06-Feb-2026,2025/03/09,Robert Navarro,Orthopedics,€163.99,Y,16,Brian Jones,Female,2026-02-06,2025-03-09,334,False,EUR,163.99,True,Orthopedics,Robert Navarro,False,2026,2,Friday,18-30
1027,Kelly Olsen,72.0,Male,"August 27, 25",13-Feb-2025,Christopher Bryant,Cardiology,£252.38,Yes,17,Kelly Olsen,Male,2025-08-27,2025-02-13,195,False,GBP,252.38,True,Cardiology,Christopher Bryant,False,2025,8,Wednesday,61-75
1059,Andrew Oconnor,66.0,Female,"November 11, 25",01-Dec-2024,Christina Hill,Cardiology,$153.07,Y,18,Andrew Oconnor,Female,2025-11-11,2024-12-01,345,False,USD,153.07,True,Cardiology,Christina Hill,False,2025,11,Tuesday,61-75
1086,Dennis Hurley,81.0,M,04/10/2025,2024/12/16,Daniel Jacobson,General,Rs329.3,1,19,Dennis Hurley,Male,2025-04-10,2024-12-16,115,False,INR,329.3,True,General,Daniel Jacobson,False,2025,4,Thursday,76+
1033,Paul Brock,76.0,Female,2025/11/05,2025/05/23,Kayla Savage,Neurology,€135.45,Yes,20,Paul Brock,Female,2025-11-05,2025-05-23,166,False,EUR,135.45,True,Neurology,Kayla Savage,False,2025,11,Wednesday,76+
1069,Jennifer Aguirre,90.0,male,14-Oct-2025,"May 28, 24",Richard Huang,Neurology,Rs72.73,N,21,Jennifer Aguirre,Male,2025-10-14,2024-05-28,504,False,INR,72.73,False,Neurology,Richard Huang,False,2025,10,Tuesday,76+
1097,Todd Wilson,56.0,male,"May 15, 25",05-May-2024,Rebecca Harrington,Orthopedics,Rs258.64,Y,22,Todd Wilson,Male,2025-05-15,2024-05-05,375,False,INR,258.64,True,Orthopedics,Rebecca Harrington,False,2025,5,Thursday,46-60
1064,Jeremiah Cole,88.0,female,01/30/2026,08/12/2024,Louis Turner,General,$203.61,No,23,Jeremiah Cole,Female,2026-01-30,2024-08-12,536,False,USD,203.61,False,General,Louis Turner,False,2026,1,Friday,76+
1089,Vincent Brown,32.0,F,2025/05/11,2024/07/06,Brianna Garcia,Neurology,Rs236.22,N,24,Vincent Brown,Female,2025-05-11,2024-07-06,309,False,INR,236.22,False,Neurology,Brianna Garcia,False,2025,5,Sunday,31-45
1086,Tracy Mcdonald,34.0,F,07/31/2025,2024/04/09,Daniel Gutierrez,Cardiology,Rs292.23,Y,25,Tracy Mcdonald,Female,2025-07-31,2024-04-09,478,False,INR,292.23,True,Cardiology,Daniel Gutierrez,False,2025,7,Thursday,31-45
1073,Phillip Simpson,88.0,0,"June 27, 25",05/06/2025,Darren Brooks,General,$51.72,Y,26,Phillip Simpson,Female,2025-06-27,2025-05-06,52,False,USD,51.72,True,General,Darren Brooks,False,2025,6,Friday,76+
1093,Penny Friedman,20.0,male,03/23/2026,13-Jun-2025,Janice Taylor,Cardiology,£218.84,1,27,Penny Friedman,Male,2026-03-23,2025-06-13,283,False,GBP,218.84,True,Cardiology,Janice Taylor,False,2026,3,Monday,18-30
1084,Cynthia Hensley,86.0,male,03/08/2026,09-Jul-2024,David Robles,Neurology,Rs160.38,Yes,28,Cynthia Hensley,Male,2026-03-08,2024-07-09,607,False,INR,160.38,True,Neurology,David Robles,False,2026,3,Sunday,76+
1002,Cassandra Gardner,42.0,M,"October 14, 25",2024/11/04,Gregory Kirk,Neurology,Rs342.38,0,29,Cassandra Gardner,Male,2025-10-14,2024-11-04,344,False,INR,342.38,False,Neurology,Gregory Kirk,False,2025,10,Tuesday,31-45
1030,Patrick Saunders,18.0,male,09/11/2025,05-Oct-2024,Casey Wagner,Orthopedics,Rs208.91,N,30,Patrick Saunders,Male,2025-09-11,2024-10-05,341,False,INR,208.91,False,Orthopedics,Casey Wagner,False,2025,9,Thursday,18-30
1043,Angel Kelly,82.0,Female,12/15/2025,21-Jul-2025,Stephanie Taylor,General,Rs426.86,No,31,Angel Kelly,Female,2025-12-15,2025-07-21,147,False,INR,426.86,False,General,Stephanie Taylor,False,2025,12,Monday,76+
1056,Heather Baker,67.0,female,"September 13, 25",2025/01/07,Andrew Thomas,Orthopedics,£215.31,Yes,32,Heather Baker,Female,2025-09-13,2025-01-07,249,False,GBP,215.31,True,Orthopedics,Andrew Thomas,False,2025,9,Saturday,61-75
1094,Stacy Cunningham,32.0,male,"March 09, 26",2024/11/14,Laura Klein,General,£413.53,0,33,Stacy Cunningham,Male,2026-03-09,2024-11-14,480,False,GBP,413.53,False,General,Laura Klein,False,2026,3,Monday,31-45
1041,Nicole Shaw,20.0,male,05/07/2025,01/19/2025,Mr. Brian Morton,Neurology,,Y,34,Nicole Shaw,Male,2025-05-07,2025-01-19,108,False,,,True,Neurology,Mr. Brian Morton,False,2025,5,Wednesday,18-30
1071,Michele Park,46.0,0,10-Jan-2026,01-Nov-2024,Robert Sparks,General,£396.22,No,35,Michele Park,Female,2026-01-10,2024-11-01,435,False,GBP,396.22,False,General,Robert Sparks,False,2026,1,Saturday,46-60
1051,Leslie Silva,26.0,Male,2025/06/07,09-Dec-2024,Thomas Brandt,Orthopedics,$340.25,Yes,36,Leslie Silva,Male,2025-06-07,2024-12-09,180,False,USD,340.25,True,Orthopedics,Thomas Brandt,False,2025,6,Saturday,18-30
1003,Katelyn Smith,19.0,,"October 16, 25",09/21/2025,Robert Henry,Neurology,$481.44,0,37,Katelyn Smith,Unknown,2025-10-16,2025-09-21,25,False,USD,481.44,False,Neurology,Robert Henry,False,2025,10,Thursday,18-30
1053,John Yang,37.0,1,"September 15, 25",2024/05/09,Anthony Jensen,Orthopedics,$442.77,0,38,John Yang,Male,2025-09-15,2024-05-09,494,False,USD,442.77,False,Orthopedics,Anthony Jensen,False,2025,9,Monday,31-45
1052,Judy Blair,84.0,0,"September 08, 25",2025/05/16,Kevin Benton,Orthopedics,Rs175.63,0,39,Judy Blair,Female,2025-09-08,2025-05-16,115,False,INR,175.63,False,Orthopedics,Kevin Benton,False,2025,9,Monday,76+
1018,Jennifer Long,55.0,F,2026/03/01,2024/06/03,Thomas Hernandez,Neurology,€320.66,0,40,Jennifer Long,Female,2026-03-01,2024-06-03,636,False,EUR,320.66,False,Neurology,Thomas Hernandez,False,2026,3,Sunday,46-60
1001,Melanie Gibson,50.0,Male,"August 17, 25",23-Sep-2024,Alison Stanton,Orthopedics,$268.14,Yes,41,Melanie Gibson,Male,2025-08-17,2024-09-23,328,False,USD,268.14,True,Orthopedics,Alison Stanton,False,2025,8,Sunday,46-60
1060,Amanda Jones,61.0,1,19-Nov-2025,28-Apr-2024,Christopher Morris,General,€499.75,Y,42,Amanda Jones,Male,2025-11-19,2024-04-28,570,False,EUR,499.75,True,General,Christopher Morris,False,2025,11,Wednesday,61-75
1055,Donna West,35.0,Male,"May 24, 25",2024/07/18,Troy Hill,Orthopedics,Rs452.11,1,43,Donna West,Male,2025-05-24,2024-07-18,310,False,INR,452.11,True,Orthopedics,Troy Hill,False,2025,5,Saturday,31-45
1063,Edward Sanders,29.0,,2025/09/16,"April 29, 25",Steven Bailey,Orthopedics,Rs479.77,0,44,Edward Sanders,Unknown,2025-09-16,2025-04-29,140,False,INR,479.77,False,Orthopedics,Steven Bailey,False,2025,9,Tuesday,18-30
1069,Michael Levine,72.0,0,"August 11, 25",01-Apr-2024,Janet Ray,Neurology,£213.35,Y,45,Michael Levine,Female,2025-08-11,2024-04-01,497,False,GBP,213.35,True,Neurology,Janet Ray,False,2025,8,Monday,61-75
1095,Loretta Richardson,29.0,0,"August 22, 25","April 25, 25",Shane Jackson,Neurology,Rs120.34,Yes,46,Loretta Richardson,Female,2025-08-22,2025-04-25,119,False,INR,120.34,True,Neurology,Shane Jackson,False,2025,8,Friday,18-30
1005,Kathleen Jones,49.0,1,06/12/2025,2024/08/11,Diana Baker,Cardiology,Rs135.43,N,47,Kathleen Jones,Male,2025-06-12,2024-08-11,305,False,INR,135.43,False,Cardiology,Diana Baker,False,2025,6,Thursday,46-60
1001,Michael Allen,64.0,female,"July 29, 25",2024/06/08,Brian Osborne DVM,Orthopedics,€214.44,N,48,Michael Allen,Female,2025-07-29,2024-06-08,416,False,EUR,214.44,False,Orthopedics,Brian Osborne,False,2025,7,Tuesday,61-75
1024,Kari Jackson,34.0,Female,01-Oct-2025,2024/10/13,Jeremiah Rose,Orthopedics,Rs376.08,No,49,Kari Jackson,Female,2025-10-01,2024-10-13,353,False,INR,376.08,False,Orthopedics,Jeremiah Rose,False,2025,10,Wednesday,31-45
1016,Kim Allen,35.0,0,"December 30, 25",2025/03/31,Nancy Levine MD,Orthopedics,€343.51,1,50,Kim Allen,Female,2025-12-30,2025-03-31,274,False,EUR,343.51,True,Orthopedics,Nancy Levine,False,2025,12,Tuesday,31-45
1040,Regina Wilson,26.0,male,08/14/2025,2024/06/03,Jenny Zuniga,Cardiology,Rs185.66,Yes,51,Regina Wilson,Male,2025-08-14,2024-06-03,437,False,INR,185.66,True,Cardiology,Jenny Zuniga,False,2025,8,Thursday,18-30
1042,Samantha Mosley,30.0,1,05-Dec-2025,03-Sep-2024,Thomas Thomas,Neurology,€200.01,Y,52,Samantha Mosley,Male,2025-12-05,2024-09-03,458,False,EUR,200.01,True,Neurology,Thomas Thomas,False,2025,12,Friday,18-30
1015,Kathleen Porter,66.0,Male,28-Jan-2026,06-May-2025,Christine Calhoun,Neurology,$367.06,0,53,Kathleen Porter,Male,2026-01-28,2025-05-06,267,False,USD,367.06,False,Neurology,Christine Calhoun,False,2026,1,Wednesday,61-75
1053,Cheryl Michael,49.0,male,06-Aug-2025,23-Mar-2025,Thomas Bennett,Neurology,Rs393.4,1,54,Cheryl Michael,Male,2025-08-06,2025-03-23,136,False,INR,393.4,True,Neurology,Thomas Bennett,False,2025,8,Wednesday,46-60
1063,Lawrence Rios,62.0,Female,"January 10, 26",11-Dec-2024,Christopher Lee,Neurology,£387.4,0,55,Lawrence Rios,Female,2026-01-10,2024-12-11,395,False,GBP,387.4,False,Neurology,Christopher Lee,False,2026,1,Saturday,61-75
1068,Vanessa Jones,63.0,F,2025/11/09,10-Sep-2025,Courtney Knight,Orthopedics,$169.25,Yes,56,Vanessa Jones,Female,2025-11-09,2025-09-10,60,False,USD,169.25,True,Orthopedics,Courtney Knight,False,2025,11,Sunday,61-75
1006,Tiffany Burke,48.0,0,2025/07/09,04/03/2025,Charles Lopez,Neurology,$274.81,1,57,Tiffany Burke,Female,2025-07-09,2025-04-03,97,False,USD,274.81,True,Neurology,Charles Lopez,False,2025,7,Wednesday,46-60
1047,Joseph Church,87.0,male,"August 05, 25",2025/02/03,Ricky Velazquez,Orthopedics,Rs68.81,1,58,Joseph Church,Male,2025-08-05,2025-02-03,183,False,INR,68.81,True,Orthopedics,Ricky Velazquez,False,2025,8,Tuesday,76+
1095,Heather Jackson,58.0,female,06/04/2025,26-Jan-2025,Todd Silva,Neurology,Rs365.13,0,59,Heather Jackson,Female,2025-06-04,2025-01-26,129,False,INR,365.13,False,Neurology,Todd Silva,False,2025,6,Wednesday,46-60
1009,Adam Sanders,63.0,Male,08-Aug-2025,05/24/2025,Patrick Floyd,General,$466.97,Yes,60,Adam Sanders,Male,2025-08-08,2025-05-24,76,False,USD,466.97,True,General,Patrick Floyd,False,2025,8,Friday,61-75
1078,Edward Perry,54.0,0,"December 09, 25","July 12, 25",James Miller,General,Rs484.52,No,61,Edward Perry,Female,2025-12-09,2025-07-12,150,False,INR,484.52,False,General,James Miller,False,2025,12,Tuesday,46-60
1019,Bonnie Boone,35.0,F,24-Nov-2025,2024/11/05,Lorraine Figueroa,Orthopedics,€114.45,Yes,62,Bonnie Boone,Female,2025-11-24,2024-11-05,384,False,EUR,114.45,True,Orthopedics,Lorraine Figueroa,False,2025,11,Monday,31-45
1021,Robert Brown,39.0,M,2025/06/28,03/27/2024,Jamie Sosa,General,€195.21,1,63,Robert Brown,Male,2025-06-28,2024-03-27,458,False,EUR,195.21,True,General,Jamie Sosa,False,2025,6,Saturday,31-45
1018,Matthew Cross,78.0,1,07/31/2025,06/24/2025,Connie Wood,General,$149.8,1,64,Matthew Cross,Male,2025-07-31,2025-06-24,37,False,USD,149.8,True,General,Connie Wood,False,2025,7,Thursday,76+
1077,Jennifer Stark,34.0,,06/29/2025,04-Dec-2024,Jason Williams,Neurology,Rs270.33,N,65,Jennifer Stark,Unknown,2025-06-29,2024-12-04,207,False,INR,270.33,False,Neurology,Jason Williams,False,2025,6,Sunday,31-45
1063,Jordan Camacho Jr.,21.0,male,2025/11/12,30-Jun-2025,Alexis Carter,Neurology,$186.24,Yes,66,Jordan Camacho Jr.,Male,2025-11-12,2025-06-30,135,False,USD,186.24,True,Neurology,Alexis Carter,False,2025,11,Wednesday,18-30
1015,Elizabeth Bryant,37.0,0,19-Jul-2025,10-Jun-2024,Rebecca Kim,Orthopedics,Rs425.63,No,67,Elizabeth Bryant,Female,2025-07-19,2024-06-10,404,False,INR,425.63,False,Orthopedics,Rebecca Kim,False,2025,7,Saturday,31-45
1068,Matthew Valdez,60.0,1,"February 19, 26",13-Nov-2024,Rachel Terry,Neurology,£91.77,1,68,Matthew Valdez,Male,2026-02-19,2024-11-13,463,False,GBP,91.77,True,Neurology,Rachel Terry,False,2026,2,Thursday,46-60
1010,Richard Woodard,38.0,Female,2026/02/11,"September 28, 25",Whitney Hoffman,Orthopedics,€91.27,N,69,Richard Woodard,Female,2026-02-11,2025-09-28,136,False,EUR,91.27,False,Orthopedics,Whitney Hoffman,False,2026,2,Wednesday,31-45
1034,Chad Reed,68.0,Male,2025/07/05,"January 23, 25",Jennifer Adams,Neurology,£453.06,N,70,Chad Reed,Male,2025-07-05,2025-01-23,163,False,GBP,453.06,False,Neurology,Jennifer Adams,False,2025,7,Saturday,61-75
1095,Jessica Heath,86.0,,2025/06/25,04/24/2024,Sherri Long,Cardiology,€61.37,Yes,71,Jessica Heath,Unknown,2025-06-25,2024-04-24,427,False,EUR,61.37,True,Cardiology,Sherri Long,False,2025,6,Wednesday,76+
1070,Clayton Williamson,85.0,1,09/10/2025,20-Aug-2024,Glen Diaz,Neurology,$185.52,No,72,Clayton Williamson,Male,2025-09-10,2024-08-20,386,False,USD,185.52,False,Neurology,Glen Diaz,False,2025,9,Wednesday,76+
1099,Timothy Walter,28.0,F,"July 21, 25",2025/07/14,Miss Julie Rodriguez,Neurology,£112.48,Y,73,Timothy Walter,Female,2025-07-21,2025-07-14,7,False,GBP,112.48,True,Neurology,Julie Rodriguez,False,2025,7,Monday,18-30
1022,Katelyn Miller,23.0,Female,19-Feb-2026,16-Sep-2024,Andrea Cruz,Orthopedics,$382.34,Yes,74,Katelyn Miller,Female,2026-02-19,2024-09-16,521,False,USD,382.34,True,Orthopedics,Andrea Cruz,False,2026,2,Thursday,18-30
1095,Elizabeth Decker,86.0,F,2025/10/22,2025/07/19,Brandi Hale,Orthopedics,Rs168.18,Yes,75,Elizabeth Decker,Female,2025-10-22,2025-07-19,95,False,INR,168.18,True,Orthopedics,Brandi Hale,False,2025,10,Wednesday,76+
1061,Jessica Smith,66.0,female,08/20/2025,2025/03/08,Crystal Mack,Neurology,,Yes,76,Jessica Smith,Female,2025-08-20,2025-03-08,165,False,,,True,Neurology,Crystal Mack,False,2025,8,Wednesday,61-75
1088,James Johnston,22.0,male,2025/11/02,04/24/2025,Drew Bartlett,General,$206.53,1,77,James Johnston,Male,2025-11-02,2025-04-24,192,False,USD,206.53,True,General,Drew Bartlett,False,2025,11,Sunday,18-30
1008,Christine Price,69.0,F,01-Oct-2025,2024/05/23,Susan Brown,Orthopedics,$258.21,0,78,Christine Price,Female,2025-10-01,2024-05-23,496,False,USD,258.21,False,Orthopedics,Susan Brown,False,2025,10,Wednesday,61-75
1014,Amy Mayer,26.0,0,2025/09/28,08-Jul-2024,Jim Patterson,Cardiology,€253.4,1,79,Amy Mayer,Female,2025-09-28,2024-07-08,447,False,EUR,253.4,True,Cardiology,Jim Patterson,False,2025,9,Sunday,18-30
1005,Samuel Moore,69.0,M,"March 02, 26",21-Nov-2024,Heather Everett,General,Rs83.09,1,80,Samuel Moore,Male,2026-03-02,2024-11-21,466,False,INR,83.09,True,General,Heather Everett,False,2026,3,Monday,61-75
1098,Jamie Mcclure,35.0,female,"March 13, 26",27-Jul-2025,Katherine Sanders,Orthopedics,$80.38,1,81,Jamie Mcclure,Female,2026-03-13,2025-07-27,229,False,USD,80.38,True,Orthopedics,Katherine Sanders,False,2026,3,Friday,31-45
1074,Luke Price,23.0,0,13-Dec-2025,2025/06/18,Virginia Lang,Orthopedics,Rs260.4,Y,82,Luke Price,Female,2025-12-13,2025-06-18,178,False,INR,260.4,True,Orthopedics,Virginia Lang,False,2025,12,Saturday,18-30
1097,Luis Rodriguez,50.0,M,2025/11/23,2025/09/24,Samantha Bass MD,Orthopedics,$294.58,1,83,Luis Rodriguez,Male,2025-11-23,2025-09-24,60,False,USD,294.58,True,Orthopedics,Samantha Bass,False,2025,11,Sunday,46-60
1047,Pamela Brown,40.0,M,2026/02/25,06/01/2025,Melinda Duncan,Orthopedics,$247.13,Yes,84,Pamela Brown,Male,2026-02-25,2025-06-01,269,False,USD,247.13,True,Orthopedics,Melinda Duncan,False,2026,2,Wednesday,31-45
1093,Craig Nixon,55.0,,2025/10/12,08/20/2025,William Key,Neurology,£341.19,No,85,Craig Nixon,Unknown,2025-10-12,2025-08-20,53,False,GBP,341.19,False,Neurology,William Key,False,2025,10,Sunday,46-60
1044,Justin Caldwell,57.0,0,05/09/2025,"December 18, 24",Ronnie Miller,Orthopedics,Rs383.69,N,86,Justin Caldwell,Female,2025-05-09,2024-12-18,142,False,INR,383.69,False,Orthopedics,Ronnie Miller,False,2025,5,Friday,46-60
1050,Cassandra Collins,60.0,1,03-Oct-2025,2025/08/26,Mark Lutz,General,€243.78,Y,87,Cassandra Collins,Male,2025-10-03,2025-08-26,38,False,EUR,243.78,True,General,Mark Lutz,False,2025,10,Friday,46-60
1100,Adam Torres,58.0,M,07/03/2025,25-Aug-2024,Daniel Le,Neurology,Rs329.25,No,88,Adam Torres,Male,2025-07-03,2024-08-25,312,False,INR,329.25,False,Neurology,Daniel Le,False,2025,7,Thursday,46-60
1095,Carol Foster,61.0,Male,2025/10/19,08/22/2025,Bryan Mann,Neurology,€389.37,0,89,Carol Foster,Male,2025-10-19,2025-08-22,58,False,EUR,389.37,False,Neurology,Bryan Mann,False,2025,10,Sunday,61-75
1088,Chelsey Moore,34.0,Female,"October 12, 25",15-Jan-2025,Randy Garrett,Cardiology,£344.56,Yes,90,Chelsey Moore,Female,2025-10-12,2025-01-15,270,False,GBP,344.56,True,Cardiology,Randy Garrett,False,2025,10,Sunday,31-45
1027,John Hensley,35.0,M,"September 23, 25","July 15, 24",Paul Tate,Orthopedics,Rs289.07,1,91,John Hensley,Male,2025-09-23,2024-07-15,435,False,INR,289.07,True,Orthopedics,Paul Tate,False,2025,9,Tuesday,31-45
1040,Chelsea Burns,62.0,,"December 29, 25",13-May-2024,Michael Morales,Cardiology,Rs193.6,Yes,92,Chelsea Burns,Unknown,2025-12-29,2024-05-13,595,False,INR,193.6,True,Cardiology,Michael Morales,False,2025,12,Monday,61-75
1099,Ryan Miller,31.0,male,07/11/2025,"March 19, 25",Alexa Peterson,Orthopedics,Rs259.72,Yes,93,Ryan Miller,Male,2025-07-11,2025-03-19,114,False,INR,259.72,True,Orthopedics,Alexa Peterson,False,2025,7,Friday,31-45
1070,Jared Green,28.0,Female,"October 08, 25",10-May-2025,Brenda Castro,Neurology,€235.69,No,94,Jared Green,Female,2025-10-08,2025-05-10,151,False,EUR,235.69,False,Neurology,Brenda Castro,False,2025,10,Wednesday,18-30
1058,Traci Chandler,18.0,Female,"February 04, 26",12/10/2024,Tyler Carter,General,€428.75,No,95,Traci Chandler,Female,2026-02-04,2024-12-10,421,False,EUR,428.75,False,General,Tyler Carter,False,2026,2,Wednesday,18-30
1040,Kenneth Graham,34.0,0,31-Oct-2025,19-Mar-2025,Wayne Graham,Neurology,$142.32,0,96,Kenneth Graham,Female,2025-10-31,2025-03-19,226,False,USD,142.32,False,Neurology,Wayne Graham,False,2025,10,Friday,31-45
1018,Angela Watkins,34.0,Female,"December 25, 25",09/12/2024,Kyle Russell,Cardiology,£109.31,No,97,Angela Watkins,Female,2025-12-25,2024-09-12,469,False,GBP,109.31,False,Cardiology,Kyle Russell,False,2025,12,Thursday,31-45
1052,Keith Becker,60.0,female,11/07/2025,"August 28, 24",Kristopher Collier,General,,Y,98,Keith Becker,Female,2025-11-07,2024-08-28,436,False,,,True,General,Kristopher Collier,False,2025,11,Friday,46-60
1031,Nicole Hoffman,65.0,Female,"June 08, 25",2025/01/14,Robert Mitchell,General,$325.25,0,99,Nicole Hoffman,Female,2025-06-08,2025-01-14,145,False,USD,325.25,False,General,Robert Mitchell,False,2025,6,Sunday,61-75
1028,Hannah Perez,21.0,female,11/07/2025,27-Jul-2025,Rita Smith,Neurology,£111.92,N,100,Hannah Perez,Female,2025-11-07,2025-07-27,103,False,GBP,111.92,False,Neurology,Rita Smith,False,2025,11,Friday,18-30
1089,Amanda Fuller,56.0,Male,02/18/2026,08-Dec-2024,Anthony Cruz,Orthopedics,$347.68,1,101,Amanda Fuller,Male,2026-02-18,2024-12-08,437,False,USD,347.68,True,Orthopedics,Anthony Cruz,False,2026,2,Wednesday,46-60
1092,Tina Lewis,40.0,female,"February 10, 26","December 18, 25",Derrick Salazar,Neurology,£59.67,Yes,102,Tina Lewis,Female,2026-02-10,2025-12-18,54,False,GBP,59.67,True,Neurology,Derrick Salazar,False,2026,2,Tuesday,31-45
1088,Sarah Hahn,60.0,,19-Mar-2026,2024/10/18,Theresa Lee,General,Rs123.03,Yes,103,Sarah Hahn,Unknown,2026-03-19,2024-10-18,517,False,INR,123.03,True,General,Theresa Lee,False,2026,3,Thursday,46-60
1058,Destiny Martin,24.0,female,"February 16, 26",26-Aug-2025,Lynn Jones,General,Rs420.58,0,104,Destiny Martin,Female,2026-02-16,2025-08-26,174,False,INR,420.58,False,General,Lynn Jones,False,2026,2,Monday,18-30
1078,Megan Mitchell,69.0,1,27-Nov-2025,05/18/2024,Desiree Giles,Orthopedics,€351.17,No,105,Megan Mitchell,Male,2025-11-27,2024-05-18,558,False,EUR,351.17,False,Orthopedics,Desiree Giles,False,2025,11,Thursday,61-75
1027,Benjamin Hughes,32.0,F,2026/03/02,17-Dec-2025,Nicholas Mcneil,Cardiology,£125.31,1,106,Benjamin Hughes,Female,2026-03-02,2025-12-17,75,False,GBP,125.31,True,Cardiology,Nicholas Mcneil,False,2026,3,Monday,31-45
1062,John Anderson,60.0,male,27-Jan-2026,01/18/2026,Paul Blackburn,Cardiology,€253.42,No,107,John Anderson,Male,2026-01-27,2026-01-18,9,False,EUR,253.42,False,Cardiology,Paul Blackburn,False,2026,1,Tuesday,46-60
1015,Chelsea Matthews,68.0,F,12/07/2025,03/24/2025,Elizabeth Obrien,Orthopedics,€359.78,Y,108,Chelsea Matthews,Female,2025-12-07,2025-03-24,258,False,EUR,359.78,True,Orthopedics,Elizabeth Obrien,False,2025,12,Sunday,61-75
1018,Monica Horton,53.0,,11-Oct-2025,"March 30, 24",Kayla Stein,Neurology,$277.21,Yes,109,Monica Horton,Unknown,2025-10-11,2024-03-30,560,False,USD,277.21,True,Neurology,Kayla Stein,False,2025,10,Saturday,46-60
1061,Joanna Tucker,18.0,male,2026/03/22,"October 05, 24",Andrew Gray,Neurology,£84.69,No,110,Joanna Tucker,Male,2026-03-22,2024-10-05,533,False,GBP,84.69,False,Neurology,Andrew Gray,False,2026,3,Sunday,18-30
1013,Dr. Peggy Mendoza,60.0,0,12-Apr-2025,01/23/2025,Ashley Flowers,Neurology,€96.94,Yes,111,Dr. Peggy Mendoza,Female,2025-04-12,2025-01-23,79,False,EUR,96.94,True,Neurology,Ashley Flowers,False,2025,4,Saturday,46-60
1087,Victoria Gomez,72.0,Female,06/26/2025,05/19/2025,Nicole Chandler,General,Rs205.35,1,112,Victoria Gomez,Female,2025-06-26,2025-05-19,38,False,INR,205.35,True,General,Nicole Chandler,False,2025,6,Thursday,61-75
1090,Daniel Rivera,63.0,F,12/28/2025,22-Dec-2025,Morgan Green,Neurology,Rs155.42,Y,113,Daniel Rivera,Female,2025-12-28,2025-12-22,6,False,INR,155.42,True,Neurology,Morgan Green,False,2025,12,Sunday,61-75
1086,Harry Wallace,80.0,Female,12/01/2025,"October 28, 24",Nancy Hernandez,Orthopedics,$493.0,Yes,114,Harry Wallace,Female,2025-12-01,2024-10-28,399,False,USD,493.0,True,Orthopedics,Nancy Hernandez,False,2025,12,Monday,76+
1047,Alicia Scott,39.0,M,2025/11/22,14-Nov-2024,William Cochran,Neurology,$243.15,0,115,Alicia Scott,Male,2025-11-22,2024-11-14,373,False,USD,243.15,False,Neurology,William Cochran,False,2025,11,Saturday,31-45
1014,Melissa Lane,81.0,female,2025/06/01,2024/08/19,Vanessa Pittman,Cardiology,€122.6,N,116,Melissa Lane,Female,2025-06-01,2024-08-19,286,False,EUR,122.6,False,Cardiology,Vanessa Pittman,False,2025,6,Sunday,76+
1047,Olivia Lambert,38.0,M,15-Dec-2025,2024/12/25,Melanie Blanchard,Cardiology,£100.34,Y,117,Olivia Lambert,Male,2025-12-15,2024-12-25,355,False,GBP,100.34,True,Cardiology,Melanie Blanchard,False,2025,12,Monday,31-45
1073,Russell Taylor,38.0,0,11/29/2025,"July 11, 25",Breanna Gray,Orthopedics,Rs335.07,N,118,Russell Taylor,Female,2025-11-29,2025-07-11,141,False,INR,335.07,False,Orthopedics,Breanna Gray,False,2025,11,Saturday,31-45
1093,Joshua Sanchez DDS,79.0,female,03/29/2025,"June 27, 24",George Flores,Orthopedics,£154.29,Y,119,Joshua Sanchez Dds,Female,2025-03-29,2024-06-27,275,False,GBP,154.29,True,Orthopedics,George Flores,False,2025,3,Saturday,76+
1027,Kayla Drake,54.0,Female,12/27/2025,27-May-2025,Jennifer Long DDS,Orthopedics,$412.07,0,120,Kayla Drake,Female,2025-12-27,2025-05-27,214,False,USD,412.07,False,Orthopedics,Jennifer Long,False,2025,12,Saturday,46-60
1037,Karen Carter,22.0,Female,"February 28, 26",22-Mar-2025,Chase Clark,Neurology,Rs401.33,1,121,Karen Carter,Female,2026-02-28,2025-03-22,343,False,INR,401.33,True,Neurology,Chase Clark,False,2026,2,Saturday,18-30
1021,Andrew Baker,27.0,0,04-May-2025,"July 11, 24",Michael Gillespie,General,$486.57,1,122,Andrew Baker,Female,2025-05-04,2024-07-11,297,False,USD,486.57,True,General,Michael Gillespie,False,2025,5,Sunday,18-30
1007,Richard Hernandez,20.0,male,"November 16, 25",09/18/2025,Daniel Bradley,General,£482.25,0,123,Richard Hernandez,Male,2025-11-16,2025-09-18,59,False,GBP,482.25,False,General,Daniel Bradley,False,2025,11,Sunday,18-30
1043,Matthew Rivera,31.0,1,07/03/2025,04/26/2025,Theodore Bean,Orthopedics,€255.82,N,124,Matthew Rivera,Male,2025-07-03,2025-04-26,68,False,EUR,255.82,False,Orthopedics,Theodore Bean,False,2025,7,Thursday,31-45
1081,Benjamin Jenkins,86.0,1,07/23/2025,"April 22, 25",Michael Bond,General,€258.12,No,125,Benjamin Jenkins,Male,2025-07-23,2025-04-22,92,False,EUR,258.12,False,General,Michael Bond,False,2025,7,Wednesday,76+
1053,John Johnson,81.0,,23-Apr-2025,2024/12/30,Steve Bush,General,$162.94,N,126,John Johnson,Unknown,2025-04-23,2024-12-30,114,False,USD,162.94,False,General,Steve Bush,False,2025,4,Wednesday,76+
1035,Martha Zavala,58.0,M,2026/01/23,14-Apr-2024,Penny Freeman,Cardiology,£153.05,Y,127,Martha Zavala,Male,2026-01-23,2024-04-14,649,False,GBP,153.05,True,Cardiology,Penny Freeman,False,2026,1,Friday,46-60
1036,Daniel Ballard,38.0,1,2025/03/26,"March 02, 25",Willie Williams,Cardiology,£114.64,N,128,Daniel Ballard,Male,2025-03-26,2025-03-02,24,False,GBP,114.64,False,Cardiology,Willie Williams,False,2025,3,Wednesday,31-45
1052,Mariah Davis,22.0,Female,10/24/2025,2025/01/06,Douglas Ford,Orthopedics,£381.62,0,129,Mariah Davis,Female,2025-10-24,2025-01-06,291,False,GBP,381.62,False,Orthopedics,Douglas Ford,False,2025,10,Friday,18-30
1058,Timothy Osborne,83.0,female,12/18/2025,2025/04/21,Christopher Ferguson,Neurology,£215.46,Yes,130,Timothy Osborne,Female,2025-12-18,2025-04-21,241,False,GBP,215.46,True,Neurology,Christopher Ferguson,False,2025,12,Thursday,76+
1074,Kelsey Collins,19.0,F,"April 24, 25",08-Oct-2024,Gabrielle Collins,Neurology,$455.75,0,131,Kelsey Collins,Female,2025-04-24,2024-10-08,198,False,USD,455.75,False,Neurology,Gabrielle Collins,False,2025,4,Thursday,18-30
1018,David Kramer,54.0,F,"March 25, 26",09/05/2024,Anne Watkins,General,£325.97,1,132,David Kramer,Female,2026-03-25,2024-09-05,566,False,GBP,325.97,True,General,Anne Watkins,False,2026,3,Wednesday,46-60
1033,Patricia King,68.0,male,28-Oct-2025,2024/10/16,Jennifer Adams,General,$468.06,Yes,133,Patricia King,Male,2025-10-28,2024-10-16,377,False,USD,468.06,True,General,Jennifer Adams,False,2025,10,Tuesday,61-75
1045,Sheri Kline,55.0,Female,"January 02, 26",04/11/2024,Jennifer Russell,General,£377.14,Yes,134,Sheri Kline,Female,2026-01-02,2024-04-11,631,False,GBP,377.14,True,General,Jennifer Russell,False,2026,1,Friday,46-60
1087,Troy White,80.0,1,2026/01/07,2024/05/26,Cindy Cox,Neurology,$87.2,No,135,Troy White,Male,2026-01-07,2024-05-26,591,False,USD,87.2,False,Neurology,Cindy Cox,False,2026,1,Wednesday,76+
1043,David Young,58.0,1,"November 06, 25",2025/05/15,Amy Williams,Cardiology,$226.97,0,136,David Young,Male,2025-11-06,2025-05-15,175,False,USD,226.97,False,Cardiology,Amy Williams,False,2025,11,Thursday,46-60
1020,Tim Flowers,31.0,1,09/29/2025,2024/11/04,Kimberly Henson,Neurology,Rs139.81,Y,137,Tim Flowers,Male,2025-09-29,2024-11-04,329,False,INR,139.81,True,Neurology,Kimberly Henson,False,2025,9,Monday,31-45
1089,Gregory Garcia,73.0,F,05/01/2025,"July 25, 24",Megan Jensen,Cardiology,$466.08,N,138,Gregory Garcia,Female,2025-05-01,2024-07-25,280,False,USD,466.08,False,Cardiology,Megan Jensen,False,2025,5,Thursday,61-75
1005,Max Martinez,63.0,1,21-Sep-2025,11/05/2024,Joshua Sellers,Cardiology,Rs352.03,Y,139,Max Martinez,Male,2025-09-21,2024-11-05,320,False,INR,352.03,True,Cardiology,Joshua Sellers,False,2025,9,Sunday,61-75
1031,Paul Hinton,49.0,female,2026/01/02,"November 29, 25",Lindsey Fitzpatrick,Neurology,$461.19,N,140,Paul Hinton,Female,2026-01-02,2025-11-29,34,False,USD,461.19,False,Neurology,Lindsey Fitzpatrick,False,2026,1,Friday,46-60
1069,Thomas Landry,60.0,1,"September 03, 25",08/01/2025,Brandon Moore,General,,No,141,Thomas Landry,Male,2025-09-03,2025-08-01,33,False,,,False,General,Brandon Moore,False,2025,9,Wednesday,46-60
1093,Alexander Le,77.0,Female,"January 20, 26",04/04/2024,Cynthia Booker,Neurology,£252.22,1,142,Alexander Le,Female,2026-01-20,2024-04-04,656,False,GBP,252.22,True,Neurology,Cynthia Booker,False,2026,1,Tuesday,76+
1073,Joseph Irwin,29.0,Male,2025/07/27,2025/06/08,Jacob Kerr,General,£206.74,Y,143,Joseph Irwin,Male,2025-07-27,2025-06-08,49,False,GBP,206.74,True,General,Jacob Kerr,False,2025,7,Sunday,18-30
1040,Corey Smith,52.0,Male,18-May-2025,02/15/2025,Luke Williams,Cardiology,$130.7,N,144,Corey Smith,Male,2025-05-18,2025-02-15,92,False,USD,130.7,False,Cardiology,Luke Williams,False,2025,5,Sunday,46-60
1066,Brandon Baker,54.0,Male,12-Aug-2025,"July 25, 25",Alison Walters,General,£106.33,1,145,Brandon Baker,Male,2025-08-12,2025-07-25,18,False,GBP,106.33,True,General,Alison Walters,False,2025,8,Tuesday,46-60
1047,John Campbell,67.0,0,10-Feb-2026,06/21/2024,Tanya Baxter,Orthopedics,,N,146,John Campbell,Female,2026-02-10,2024-06-21,599,False,,,False,Orthopedics,Tanya Baxter,False,2026,2,Tuesday,61-75
1021,Craig Hunt,38.0,Female,"November 01, 25","May 25, 24",Cynthia Brown,Neurology,$122.56,Yes,147,Craig Hunt,Female,2025-11-01,2024-05-25,525,False,USD,122.56,True,Neurology,Cynthia Brown,False,2025,11,Saturday,31-45
1072,Lisa Cameron,37.0,male,"August 14, 25","August 11, 25",Karen Hunt,Cardiology,£238.81,0,148,Lisa Cameron,Male,2025-08-14,2025-08-11,3,False,GBP,238.81,False,Cardiology,Karen Hunt,False,2025,8,Thursday,31-45
1011,Nathaniel Wood,66.0,Male,29-Apr-2025,07-Apr-2025,Alec Hill,General,Rs413.21,1,149,Nathaniel Wood,Male,2025-04-29,2025-04-07,22,False,INR,413.21,True,General,Alec Hill,False,2025,4,Tuesday,61-75
1097,Dr. Lindsey Arias DDS,48.0,0,2025/09/14,2024/11/28,Colton Williams,Cardiology,€91.87,N,150,Dr. Lindsey Arias Dds,Female,2025-09-14,2024-11-28,290,False,EUR,91.87,False,Cardiology,Colton Williams,False,2025,9,Sunday,46-60
1028,Timothy Matthews,56.0,male,2025/10/30,05/18/2024,Brandy Sutton,Orthopedics,€485.5,N,151,Timothy Matthews,Male,2025-10-30,2024-05-18,530,False,EUR,485.5,False,Orthopedics,Brandy Sutton,False,2025,10,Thursday,46-60
1057,Katelyn Byrd,32.0,Male,"March 30, 25",05/03/2024,Barbara Chavez,General,£209.81,1,152,Katelyn Byrd,Male,2025-03-30,2024-05-03,331,False,GBP,209.81,True,General,Barbara Chavez,False,2025,3,Sunday,31-45
1002,Jeffrey Bates,87.0,M,08-Apr-2025,"December 04, 24",Lisa Ho,Cardiology,$401.55,Yes,153,Jeffrey Bates,Male,2025-04-08,2024-12-04,125,False,USD,401.55,True,Cardiology,Lisa Ho,False,2025,4,Tuesday,76+
1065,Kevin Johnson,18.0,0,2025/10/25,09/03/2024,Lance Smith,Neurology,Rs283.3,0,154,Kevin Johnson,Female,2025-10-25,2024-09-03,417,False,INR,283.3,False,Neurology,Lance Smith,False,2025,10,Saturday,18-30
1026,Kelly Mcknight,87.0,1,2026/02/03,07/12/2025,Jerry Lopez,Neurology,£146.2,Y,155,Kelly Mcknight,Male,2026-02-03,2025-07-12,206,False,GBP,146.2,True,Neurology,Jerry Lopez,False,2026,2,Tuesday,76+
1100,Jamie Wright,62.0,0,"April 03, 25",03/18/2025,Lori Hall,Orthopedics,€211.18,Y,156,Jamie Wright,Female,2025-04-03,2025-03-18,16,False,EUR,211.18,True,Orthopedics,Lori Hall,False,2025,4,Thursday,61-75
1066,Kimberly Conner,86.0,F,18-Feb-2026,2024/10/12,Steven Holland,Cardiology,£476.99,1,157,Kimberly Conner,Female,2026-02-18,2024-10-12,494,False,GBP,476.99,True,Cardiology,Steven Holland,False,2026,2,Wednesday,76+
1025,Kelli Page,25.0,male,"October 08, 25",24-Mar-2025,Stephanie Wall,Orthopedics,$248.33,0,158,Kelli Page,Male,2025-10-08,2025-03-24,198,False,USD,248.33,False,Orthopedics,Stephanie Wall,False,2025,10,Wednesday,18-30
1038,Deanna Abbott,46.0,Female,04-Sep-2025,"May 08, 25",Damon Hayes,Orthopedics,£192.67,1,159,Deanna Abbott,Female,2025-09-04,2025-05-08,119,False,GBP,192.67,True,Orthopedics,Damon Hayes,False,2025,9,Thursday,46-60
1038,Lindsay Rodriguez,39.0,male,23-Oct-2025,07/18/2025,Troy Lynch,Orthopedics,,0,160,Lindsay Rodriguez,Male,2025-10-23,2025-07-18,97,False,,,False,Orthopedics,Troy Lynch,False,2025,10,Thursday,31-45
1000,Christopher Singleton,81.0,F,26-Oct-2025,2025/02/19,Brandy Graves,General,$65.06,1,161,Christopher Singleton,Female,2025-10-26,2025-02-19,249,False,USD,65.06,True,General,Brandy Graves,False,2025,10,Sunday,76+
1008,Michael Walsh,69.0,0,05/08/2025,01/24/2025,Tammy Watts,Neurology,£117.14,Yes,162,Michael Walsh,Female,2025-05-08,2025-01-24,104,False,GBP,117.14,True,Neurology,Tammy Watts,False,2025,5,Thursday,61-75
1078,Caroline Reed,54.0,0,"July 29, 25",06/06/2024,Eric Kelly,Neurology,Rs433.77,No,163,Caroline Reed,Female,2025-07-29,2024-06-06,418,False,INR,433.77,False,Neurology,Eric Kelly,False,2025,7,Tuesday,46-60
1038,Jennifer Wells,79.0,F,2025/05/13,02-Sep-2024,David Cole,Orthopedics,$82.84,No,164,Jennifer Wells,Female,2025-05-13,2024-09-02,253,False,USD,82.84,False,Orthopedics,David Cole,False,2025,5,Tuesday,76+
1082,Gary Walker,87.0,,"March 26, 25",26-Mar-2024,Matthew Lopez,Orthopedics,Rs216.23,Yes,165,Gary Walker,Unknown,2025-03-26,2024-03-26,365,False,INR,216.23,True,Orthopedics,Matthew Lopez,False,2025,3,Wednesday,76+
1028,Michelle Johnson,24.0,male,2025/12/19,2025/07/01,Jennifer Brooks,General,€492.98,Yes,166,Michelle Johnson,Male,2025-12-19,2025-07-01,171,False,EUR,492.98,True,General,Jennifer Brooks,False,2025,12,Friday,18-30
1048,Malik Robinson,77.0,female,21-Oct-2025,18-Jul-2024,Amber Little,General,Rs280.77,N,167,Malik Robinson,Female,2025-10-21,2024-07-18,460,False,INR,280.77,False,General,Amber Little,False,2025,10,Tuesday,76+
1035,Michael Glenn,60.0,1,"November 13, 25","June 23, 25",Robert Martinez,Cardiology,$99.19,N,168,Michael Glenn,Male,2025-11-13,2025-06-23,143,False,USD,99.19,False,Cardiology,Robert Martinez,False,2025,11,Thursday,46-60
1010,Anthony Cortez,57.0,Male,"May 25, 25","March 28, 25",Derrick Cook,General,$225.83,Y,169,Anthony Cortez,Male,2025-05-25,2025-03-28,58,False,USD,225.83,True,General,Derrick Cook,False,2025,5,Sunday,46-60
1043,Daniel Cole,69.0,male,2025/05/06,"September 28, 24",Dustin Jones,Cardiology,$458.12,Yes,170,Daniel Cole,Male,2025-05-06,2024-09-28,220,False,USD,458.12,True,Cardiology,Dustin Jones,False,2025,5,Tuesday,61-75
1083,Matthew Lloyd,58.0,M,"January 17, 26",21-Jul-2025,Timothy Morgan,Cardiology,€244.78,N,171,Matthew Lloyd,Male,2026-01-17,2025-07-21,180,False,EUR,244.78,False,Cardiology,Timothy Morgan,False,2026,1,Saturday,46-60
1026,Jason Hicks,86.0,F,"December 17, 25",19-Sep-2025,Stacey Garcia,Orthopedics,€330.37,0,172,Jason Hicks,Female,2025-12-17,2025-09-19,89,False,EUR,330.37,False,Orthopedics,Stacey Garcia,False,2025,12,Wednesday,76+
1046,Stephanie Cisneros,50.0,F,2025/12/03,"August 02, 24",Rachel Richards,Orthopedics,£98.14,Yes,173,Stephanie Cisneros,Female,2025-12-03,2024-08-02,488,False,GBP,98.14,True,Orthopedics,Rachel Richards,False,2025,12,Wednesday,46-60
1084,Troy Taylor,52.0,,"December 28, 25",24-Feb-2025,Jason Gill,General,£464.69,Yes,174,Troy Taylor,Unknown,2025-12-28,2025-02-24,307,False,GBP,464.69,True,General,Jason Gill,False,2025,12,Sunday,46-60
1006,Charles Cruz,54.0,female,01/27/2026,09/01/2024,Jessica Sawyer,Orthopedics,£91.65,No,175,Charles Cruz,Female,2026-01-27,2024-09-01,513,False,GBP,91.65,False,Orthopedics,Jessica Sawyer,False,2026,1,Tuesday,46-60
1015,Brenda Ward,43.0,0,2025/11/26,08/25/2025,Tonya Smith,Neurology,Rs425.67,Y,176,Brenda Ward,Female,2025-11-26,2025-08-25,93,False,INR,425.67,True,Neurology,Tonya Smith,False,2025,11,Wednesday,31-45
1091,David Martinez,80.0,Male,2025/09/13,07-Jul-2025,Amber Braun,Cardiology,,Y,177,David Martinez,Male,2025-09-13,2025-07-07,68,False,,,True,Cardiology,Amber Braun,False,2025,9,Saturday,76+
1024,Alex Webster,34.0,M,2026/02/11,12/24/2024,Lorraine Schroeder,Orthopedics,€140.86,1,178,Alex Webster,Male,2026-02-11,2024-12-24,414,False,EUR,140.86,True,Orthopedics,Lorraine Schroeder,False,2026,2,Wednesday,31-45
1033,Carl Sanchez,87.0,female,04/06/2025,08/02/2024,Christina Price,Orthopedics,$446.06,N,179,Carl Sanchez,Female,2025-04-06,2024-08-02,247,False,USD,446.06,False,Orthopedics,Christina Price,False,2025,4,Sunday,76+
1010,Lucas Ray,21.0,F,2026/02/12,02/07/2025,Carrie Larsen,Neurology,£138.59,Y,180,Lucas Ray,Female,2026-02-12,2025-02-07,370,False,GBP,138.59,True,Neurology,Carrie Larsen,False,2026,2,Thursday,18-30
1082,Cynthia Wells,37.0,M,17-Nov-2025,2025/01/07,Ashlee Romero,Orthopedics,£448.6,0,181,Cynthia Wells,Male,2025-11-17,2025-01-07,314,False,GBP,448.6,False,Orthopedics,Ashlee Romero,False,2025,11,Monday,31-45
1096,Dwayne Clarke,42.0,male,2025/08/12,09/08/2024,Andrew Meadows,Neurology,€150.94,No,182,Dwayne Clarke,Male,2025-08-12,2024-09-08,338,False,EUR,150.94,False,Neurology,Andrew Meadows,False,2025,8,Tuesday,31-45
1011,James Jimenez,53.0,1,"October 26, 25",2025/09/14,Ryan Marsh,Neurology,€339.19,0,183,James Jimenez,Male,2025-10-26,2025-09-14,42,False,EUR,339.19,False,Neurology,Ryan Marsh,False,2025,10,Sunday,46-60
1002,Dr. Michele Copeland,35.0,1,09/25/2025,24-May-2024,Debra Castillo,Neurology,€187.28,Y,184,Dr. Michele Copeland,Male,2025-09-25,2024-05-24,489,False,EUR,187.28,True,Neurology,Debra Castillo,False,2025,9,Thursday,31-45
1016,Travis Allen MD,44.0,male,22-Jun-2025,2024/06/18,Karen White,Orthopedics,€157.66,1,185,Travis Allen Md,Male,2025-06-22,2024-06-18,369,False,EUR,157.66,True,Orthopedics,Karen White,False,2025,6,Sunday,31-45
1077,Bradley Fuller,83.0,Male,2025/05/13,"February 28, 25",John Yang,General,Rs69.97,Yes,186,Bradley Fuller,Male,2025-05-13,2025-02-28,74,False,INR,69.97,True,General,John Yang,False,2025,5,Tuesday,76+
1026,Miss Crystal Davis DDS,25.0,female,07-Jul-2025,"June 06, 24",Christopher Hayes,General,£490.55,Y,187,Miss Crystal Davis Dds,Female,2025-07-07,2024-06-06,396,False,GBP,490.55,True,General,Christopher Hayes,False,2025,7,Monday,18-30
1052,Kara White,59.0,0,03/14/2026,"January 26, 25",Kyle Dawson,Orthopedics,€315.64,N,188,Kara White,Female,2026-03-14,2025-01-26,412,False,EUR,315.64,False,Orthopedics,Kyle Dawson,False,2026,3,Saturday,46-60
1040,Briana Guerrero,33.0,Female,19-Jan-2026,2024/03/30,Molly Warner,General,£231.08,1,189,Briana Guerrero,Female,2026-01-19,2024-03-30,660,False,GBP,231.08,True,General,Molly Warner,False,2026,1,Monday,31-45
1068,Judy Nguyen,29.0,male,"May 27, 25","October 23, 24",Michelle Ortega,General,$429.14,Yes,190,Judy Nguyen,Male,2025-05-27,2024-10-23,216,False,USD,429.14,True,General,Michelle Ortega,False,2025,5,Tuesday,18-30
1013,Sandra Murphy,25.0,M,01-Nov-2025,2024/07/29,Shelby Brown,Orthopedics,Rs93.12,No,191,Sandra Murphy,Male,2025-11-01,2024-07-29,460,False,INR,93.12,False,Orthopedics,Shelby Brown,False,2025,11,Saturday,18-30
1024,Debra Ford,33.0,0,"February 22, 26","September 19, 25",Allison Smith,Orthopedics,£461.81,Y,192,Debra Ford,Female,2026-02-22,2025-09-19,156,False,GBP,461.81,True,Orthopedics,Allison Smith,False,2026,2,Sunday,31-45
1033,Michelle Harris,56.0,0,11/07/2025,06-Dec-2024,Matthew Garrett,Orthopedics,€130.72,Yes,193,Michelle Harris,Female,2025-11-07,2024-12-06,336,False,EUR,130.72,True,Orthopedics,Matthew Garrett,False,2025,11,Friday,46-60
1067,Ariel Davis,85.0,Male,25-Oct-2025,2025/02/21,Jason Gallagher,Orthopedics,Rs85.63,Y,194,Ariel Davis,Male,2025-10-25,2025-02-21,246,False,INR,85.63,True,Orthopedics,Jason Gallagher,False,2025,10,Saturday,76+
1045,Anna Garrett,24.0,Female,30-May-2025,03/20/2025,Alice Lucas,Neurology,€394.9,Yes,195,Anna Garrett,Female,2025-05-30,2025-03-20,71,False,EUR,394.9,True,Neurology,Alice Lucas,False,2025,5,Friday,18-30
1087,Kimberly Guzman,31.0,0,11/18/2025,02-Apr-2025,Kristin Reeves,General,,Y,196,Kimberly Guzman,Female,2025-11-18,2025-04-02,230,False,,,True,General,Kristin Reeves,False,2025,11,Tuesday,31-45
1056,Terry Miller,24.0,F,22-Apr-2025,"March 24, 25",John Lyons,General,,Yes,197,Terry Miller,Female,2025-04-22,2025-03-24,29,False,,,True,General,John Lyons,False,2025,4,Tuesday,18-30
1053,Marissa Davidson,81.0,Female,"April 13, 25","December 03, 24",Philip Davis,Cardiology,£499.67,Y,198,Marissa Davidson,Female,2025-04-13,2024-12-03,131,False,GBP,499.67,True,Cardiology,Philip Davis,False,2025,4,Sunday,76+
1059,Emma Martin,79.0,male,"August 24, 25",08/21/2025,Charles Mcmillan,Orthopedics,€66.64,Yes,199,Emma Martin,Male,2025-08-24,2025-08-21,3,False,EUR,66.64,True,Orthopedics,Charles Mcmillan,False,2025,8,Sunday,76+
1050,William Lewis,32.0,M,"April 04, 25",2024/05/16,Wesley Johnson,Orthopedics,Rs361.31,Y,200,William Lewis,Male,2025-04-04,2024-05-16,323,False,INR,361.31,True,Orthopedics,Wesley Johnson,False,2025,4,Friday,31-45
1044,Robert Mclaughlin,21.0,female,2025/06/22,06/09/2024,Shannon Mejia,Orthopedics,£205.31,N,201,Robert Mclaughlin,Female,2025-06-22,2024-06-09,378,False,GBP,205.31,False,Orthopedics,Shannon Mejia,False,2025,6,Sunday,18-30
1089,William Sparks,48.0,1,"March 26, 25",2024/12/03,Jeffrey Ashley Jr.,Cardiology,Rs193.18,0,202,William Sparks,Male,2025-03-26,2024-12-03,113,False,INR,193.18,False,Cardiology,Jeffrey Ashley Jr.,False,2025,3,Wednesday,46-60
1074,David Kidd,23.0,Male,"November 23, 25",09/10/2025,Kathy Thompson,Orthopedics,£321.34,N,203,David Kidd,Male,2025-11-23,2025-09-10,74,False,GBP,321.34,False,Orthopedics,Kathy Thompson,False,2025,11,Sunday,18-30
1026,Brandon Martin,87.0,0,06-Feb-2026,2024/08/11,John Miller,Neurology,$446.44,Yes,204,Brandon Martin,Female,2026-02-06,2024-08-11,544,False,USD,446.44,True,Neurology,John Miller,False,2026,2,Friday,76+
1059,Amanda Martinez,27.0,0,23-Aug-2025,2024/11/12,Gary Bowman,General,$165.8,Y,205,Amanda Martinez,Female,2025-08-23,2024-11-12,284,False,USD,165.8,True,General,Gary Bowman,False,2025,8,Saturday,18-30
1065,Nancy Barry,71.0,Female,03/07/2026,2025/03/30,Katherine Espinoza,Cardiology,Rs493.59,1,206,Nancy Barry,Female,2026-03-07,2025-03-30,342,False,INR,493.59,True,Cardiology,Katherine Espinoza,False,2026,3,Saturday,61-75
1085,Clinton Estrada,75.0,male,06-Nov-2025,10/14/2024,Jacob Bender,Orthopedics,,Y,207,Clinton Estrada,Male,2025-11-06,2024-10-14,388,False,,,True,Orthopedics,Jacob Bender,False,2025,11,Thursday,61-75
1024,Maria Douglas,86.0,1,17-Feb-2026,15-Jan-2026,Daniel Evans,Orthopedics,€489.64,Yes,208,Maria Douglas,Male,2026-02-17,2026-01-15,33,False,EUR,489.64,True,Orthopedics,Daniel Evans,False,2026,2,Tuesday,76+
1048,Walter Webb,33.0,,2025/09/26,"September 03, 24",Dale Herrera,Neurology,,Y,209,Walter Webb,Unknown,2025-09-26,2024-09-03,388,False,,,True,Neurology,Dale Herrera,False,2025,9,Friday,31-45
1069,Megan Avery,73.0,F,01/08/2026,2024/08/13,Michael Arroyo Jr.,General,$96.48,Yes,210,Megan Avery,Female,2026-01-08,2024-08-13,513,False,USD,96.48,True,General,Michael Arroyo Jr.,False,2026,1,Thursday,61-75
1071,Brianna Morris,73.0,1,"November 03, 25","April 26, 24",Gregory West DDS,Orthopedics,€422.79,Y,211,Brianna Morris,Male,2025-11-03,2024-04-26,556,False,EUR,422.79,True,Orthopedics,Gregory West,False,2025,11,Monday,61-75
1076,Judy Avila,21.0,Female,"October 19, 25",02-Aug-2025,Morgan Ramos,Orthopedics,Rs330.43,Yes,212,Judy Avila,Female,2025-10-19,2025-08-02,78,False,INR,330.43,True,Orthopedics,Morgan Ramos,False,2025,10,Sunday,18-30
1057,Erika Davis,28.0,1,08-Jun-2025,2025/06/06,Allison Parker,Neurology,£440.72,N,213,Erika Davis,Male,2025-06-08,2025-06-06,2,False,GBP,440.72,False,Neurology,Allison Parker,False,2025,6,Sunday,18-30
1029,Jeffrey Solis,49.0,Female,2025/05/15,"April 09, 25",William Nichols,Neurology,€287.03,Yes,214,Jeffrey Solis,Female,2025-05-15,2025-04-09,36,False,EUR,287.03,True,Neurology,William Nichols,False,2025,5,Thursday,46-60
1049,Scott Graves,65.0,male,2026/01/10,"January 06, 26",Marie Clark,General,€489.0,Y,215,Scott Graves,Male,2026-01-10,2026-01-06,4,False,EUR,489.0,True,General,Marie Clark,False,2026,1,Saturday,61-75
1049,Ellen Fitzpatrick,59.0,Male,2025/11/14,04/23/2025,Grant Parker,Neurology,£201.19,No,216,Ellen Fitzpatrick,Male,2025-11-14,2025-04-23,205,False,GBP,201.19,False,Neurology,Grant Parker,False,2025,11,Friday,46-60
1076,Mark Harrison,24.0,F,10/06/2025,2024/06/13,Jennifer Hernandez,Orthopedics,€155.45,Yes,217,Mark Harrison,Female,2025-10-06,2024-06-13,480,False,EUR,155.45,True,Orthopedics,Jennifer Hernandez,False,2025,10,Monday,18-30
1083,Daniel Barajas,56.0,Female,2025/04/07,08-Jan-2025,Joshua Burnett,Neurology,£236.44,1,218,Daniel Barajas,Female,2025-04-07,2025-01-08,89,False,GBP,236.44,True,Neurology,Joshua Burnett,False,2025,4,Monday,46-60
1083,Christine Murphy,21.0,0,18-Aug-2025,"July 23, 24",Amanda Mendoza,Cardiology,$96.21,1,219,Christine Murphy,Female,2025-08-18,2024-07-23,391,False,USD,96.21,True,Cardiology,Amanda Mendoza,False,2025,8,Monday,18-30
1091,Richard Wagner,20.0,M,"December 06, 25",25-Nov-2025,Christopher Sherman,General,€270.47,Yes,220,Richard Wagner,Male,2025-12-06,2025-11-25,11,False,EUR,270.47,True,General,Christopher Sherman,False,2025,12,Saturday,18-30
1099,Eric Coffey,23.0,1,28-Aug-2025,2024/09/04,Jeffrey Burns,Cardiology,Rs284.29,N,221,Eric Coffey,Male,2025-08-28,2024-09-04,358,False,INR,284.29,False,Cardiology,Jeffrey Burns,False,2025,8,Thursday,18-30
1098,Tony Gibbs,39.0,0,11/01/2025,2024/10/13,Brandon Morris,General,€354.36,N,222,Tony Gibbs,Female,2025-11-01,2024-10-13,384,False,EUR,354.36,False,General,Brandon Morris,False,2025,11,Saturday,31-45
1060,Stephanie Bryant,32.0,,2026/01/02,2025/02/18,Sara Booth,Orthopedics,£452.69,Yes,223,Stephanie Bryant,Unknown,2026-01-02,2025-02-18,318,False,GBP,452.69,True,Orthopedics,Sara Booth,False,2026,1,Friday,31-45
1091,Eric Allen,67.0,1,01-Aug-2025,2025/05/09,Amanda Mclaughlin,Neurology,£329.83,0,224,Eric Allen,Male,2025-08-01,2025-05-09,84,False,GBP,329.83,False,Neurology,Amanda Mclaughlin,False,2025,8,Friday,61-75
1031,Robert Jimenez,23.0,male,"March 06, 26","July 20, 24",Tony Randall,Cardiology,€450.86,Yes,225,Robert Jimenez,Male,2026-03-06,2024-07-20,594,False,EUR,450.86,True,Cardiology,Tony Randall,False,2026,3,Friday,18-30
1018,Chris Wells,71.0,M,17-May-2025,25-Dec-2024,Crystal Medina,Neurology,Rs132.38,Yes,226,Chris Wells,Male,2025-05-17,2024-12-25,143,False,INR,132.38,True,Neurology,Crystal Medina,False,2025,5,Saturday,61-75
1054,Danny Gray,68.0,male,2025/04/14,13-Feb-2025,Patricia Carpenter,General,€199.55,0,227,Danny Gray,Male,2025-04-14,2025-02-13,60,False,EUR,199.55,False,General,Patricia Carpenter,False,2025,4,Monday,61-75
1038,Alicia Davis,19.0,1,31-Mar-2025,"October 27, 24",John Gonzalez,Cardiology,€296.7,N,228,Alicia Davis,Male,2025-03-31,2024-10-27,155,False,EUR,296.7,False,Cardiology,John Gonzalez,False,2025,3,Monday,18-30
1067,Dr. John Hernandez,33.0,0,29-Dec-2025,2024/05/29,Michelle Austin,General,$409.96,No,229,Dr. John Hernandez,Female,2025-12-29,2024-05-29,579,False,USD,409.96,False,General,Michelle Austin,False,2025,12,Monday,31-45
1070,Andres Mills,54.0,M,23-Jun-2025,"August 24, 24",Paul Weaver,Neurology,£386.53,0,230,Andres Mills,Male,2025-06-23,2024-08-24,303,False,GBP,386.53,False,Neurology,Paul Weaver,False,2025,6,Monday,46-60
1097,Vanessa Allen,52.0,Male,"January 09, 26",08/06/2025,Amy Chavez,Neurology,Rs243.94,Yes,231,Vanessa Allen,Male,2026-01-09,2025-08-06,156,False,INR,243.94,True,Neurology,Amy Chavez,False,2026,1,Friday,46-60
1056,Virginia Flores,70.0,Female,12/26/2025,2025/08/13,Leonard Macias,General,$364.83,Y,232,Virginia Flores,Female,2025-12-26,2025-08-13,135,False,USD,364.83,True,General,Leonard Macias,False,2025,12,Friday,61-75
1078,Mackenzie Walker,56.0,female,2025/03/27,"May 20, 24",Jenny Wright,Orthopedics,$335.95,1,233,Mackenzie Walker,Female,2025-03-27,2024-05-20,311,False,USD,335.95,True,Orthopedics,Jenny Wright,False,2025,3,Thursday,46-60
1031,Kayla Berger,29.0,Female,2025/08/05,"September 27, 24",Todd Oconnor,Orthopedics,,Y,234,Kayla Berger,Female,2025-08-05,2024-09-27,312,False,,,True,Orthopedics,Todd Oconnor,False,2025,8,Tuesday,18-30
1035,Brian White,80.0,male,03-Aug-2025,2025/04/03,Rachel Howell,Neurology,€387.58,Yes,235,Brian White,Male,2025-08-03,2025-04-03,122,False,EUR,387.58,True,Neurology,Rachel Howell,False,2025,8,Sunday,76+
1079,Dale Fisher,24.0,M,01/16/2026,04/20/2024,Dr. Heidi Johnson,Cardiology,Rs360.39,N,236,Dale Fisher,Male,2026-01-16,2024-04-20,636,False,INR,360.39,False,Cardiology,Dr. Heidi Johnson,False,2026,1,Friday,18-30
1062,Brian Griffith,20.0,M,2025/06/15,04/11/2025,Robert Stanley,Cardiology,£288.24,1,237,Brian Griffith,Male,2025-06-15,2025-04-11,65,False,GBP,288.24,True,Cardiology,Robert Stanley,False,2025,6,Sunday,18-30
1006,Theresa Sanchez,56.0,0,03-Feb-2026,08/16/2024,Amber Sullivan,General,€286.43,1,238,Theresa Sanchez,Female,2026-02-03,2024-08-16,536,False,EUR,286.43,True,General,Amber Sullivan,False,2026,2,Tuesday,46-60
1034,Kimberly Watson,60.0,female,01/11/2026,"July 25, 25",Joseph Meyers,Neurology,,0,239,Kimberly Watson,Female,2026-01-11,2025-07-25,170,False,,,False,Neurology,Joseph Meyers,False,2026,1,Sunday,46-60
1021,Christopher Miller,51.0,male,2025/12/27,01/11/2025,Christine Arnold,General,€476.26,N,240,Christopher Miller,Male,2025-12-27,2025-01-11,350,False,EUR,476.26,False,General,Christine Arnold,False,2025,12,Saturday,46-60
1089,Brian Davis,72.0,female,26-Dec-2025,"August 05, 24",Michelle Smith,Neurology,£480.75,Yes,241,Brian Davis,Female,2025-12-26,2024-08-05,508,False,GBP,480.75,True,Neurology,Michelle Smith,False,2025,12,Friday,61-75
1054,Deborah Wagner,74.0,0,2026/02/15,"May 30, 25",Cesar Sanchez,Neurology,Rs277.6,0,242,Deborah Wagner,Female,2026-02-15,2025-05-30,261,False,INR,277.6,False,Neurology,Cesar Sanchez,False,2026,2,Sunday,61-75
1026,Christine Vega,80.0,Male,2025/04/27,03/23/2025,Jordan Cole,General,Rs301.11,Y,243,Christine Vega,Male,2025-04-27,2025-03-23,35,False,INR,301.11,True,General,Jordan Cole,False,2025,4,Sunday,76+
1015,Zachary Jones,53.0,0,10/03/2025,01-Jul-2025,Alexander Lee,Orthopedics,£304.51,0,244,Zachary Jones,Female,2025-10-03,2025-07-01,94,False,GBP,304.51,False,Orthopedics,Alexander Lee,False,2025,10,Friday,46-60
1015,Stephen Hicks,88.0,,10/19/2025,06/05/2025,Christopher Underwood,Orthopedics,£266.53,1,245,Stephen Hicks,Unknown,2025-10-19,2025-06-05,136,False,GBP,266.53,True,Orthopedics,Christopher Underwood,False,2025,10,Sunday,76+
1060,Haley Taylor,51.0,female,2025/07/06,04/18/2025,Christopher Wolfe,General,Rs433.55,Y,246,Haley Taylor,Female,2025-07-06,2025-04-18,79,False,INR,433.55,True,General,Christopher Wolfe,False,2025,7,Sunday,46-60
1003,Melissa Miranda,77.0,Male,"June 03, 25",2024/05/18,Jennifer Jones,Orthopedics,£70.47,1,247,Melissa Miranda,Male,2025-06-03,2024-05-18,381,False,GBP,70.47,True,Orthopedics,Jennifer Jones,False,2025,6,Tuesday,76+
1022,Linda Nicholson,24.0,Female,08/19/2025,2025/05/10,Melissa Daniels,Neurology,$425.91,Yes,248,Linda Nicholson,Female,2025-08-19,2025-05-10,101,False,USD,425.91,True,Neurology,Melissa Daniels,False,2025,8,Tuesday,18-30
1093,Whitney Bradley,31.0,,27-May-2025,20-Dec-2024,Ryan White,General,€111.71,0,249,Whitney Bradley,Unknown,2025-05-27,2024-12-20,158,False,EUR,111.71,False,General,Ryan White,False,2025,5,Tuesday,31-45
1089,Carolyn Jacobson,47.0,female,2026/02/11,14-Feb-2025,Katrina Johnston,Cardiology,£365.37,No,250,Carolyn Jacobson,Female,2026-02-11,2025-02-14,362,False,GBP,365.37,False,Cardiology,Katrina Johnston,False,2026,2,Wednesday,46-60
1094,Jordan Hudson,74.0,1,06/17/2025,04/25/2024,Linda Martin,Cardiology,€475.27,1,251,Jordan Hudson,Male,2025-06-17,2024-04-25,418,False,EUR,475.27,True,Cardiology,Linda Martin,False,2025,6,Tuesday,61-75
1016,Joseph Banks,36.0,F,05-Dec-2025,"June 15, 24",Susan Kelley,Neurology,$108.6,N,252,Joseph Banks,Female,2025-12-05,2024-06-15,538,False,USD,108.6,False,Neurology,Susan Kelley,False,2025,12,Friday,31-45
1045,Brad West,34.0,F,05/14/2025,19-May-2024,Samuel Stone,Cardiology,£455.05,N,253,Brad West,Female,2025-05-14,2024-05-19,360,False,GBP,455.05,False,Cardiology,Samuel Stone,False,2025,5,Wednesday,31-45
1036,Kelsey Johnson,29.0,1,28-Jan-2026,12/03/2024,Mallory Torres,Neurology,£264.45,No,254,Kelsey Johnson,Male,2026-01-28,2024-12-03,421,False,GBP,264.45,False,Neurology,Mallory Torres,False,2026,1,Wednesday,18-30
1031,Jared Parrish,42.0,F,2025/08/05,"July 27, 25",Wendy Herrera,Orthopedics,Rs132.57,No,255,Jared Parrish,Female,2025-08-05,2025-07-27,9,False,INR,132.57,False,Orthopedics,Wendy Herrera,False,2025,8,Tuesday,31-45
1097,Megan Murphy,35.0,,19-Apr-2025,2025/04/11,Kevin Coleman,Cardiology,Rs359.5,N,256,Megan Murphy,Unknown,2025-04-19,2025-04-11,8,False,INR,359.5,False,Cardiology,Kevin Coleman,False,2025,4,Saturday,31-45
1062,Laura Lopez,25.0,male,06-Oct-2025,06/13/2024,Julie Phillips,Cardiology,Rs464.57,0,257,Laura Lopez,Male,2025-10-06,2024-06-13,480,False,INR,464.57,False,Cardiology,Julie Phillips,False,2025,10,Monday,18-30
1056,Joshua Sanford,57.0,female,2025/06/20,13-Feb-2025,Tara Montoya,Neurology,$186.61,1,258,Joshua Sanford,Female,2025-06-20,2025-02-13,127,False,USD,186.61,True,Neurology,Tara Montoya,False,2025,6,Friday,46-60
1058,Mark Bowers,19.0,1,05/11/2025,2025/04/02,Antonio Bryant,Neurology,$116.69,Yes,259,Mark Bowers,Male,2025-05-11,2025-04-02,39,False,USD,116.69,True,Neurology,Antonio Bryant,False,2025,5,Sunday,18-30
1053,Nicole West,30.0,female,2026/03/24,26-Mar-2024,Marissa Jacobs,General,€218.44,0,260,Nicole West,Female,2026-03-24,2024-03-26,728,False,EUR,218.44,False,General,Marissa Jacobs,False,2026,3,Tuesday,18-30
1032,Amy Wood,43.0,F,06/22/2025,2025/01/25,John Shannon,Neurology,€255.67,0,261,Amy Wood,Female,2025-06-22,2025-01-25,148,False,EUR,255.67,False,Neurology,John Shannon,False,2025,6,Sunday,31-45
1049,Robert Montoya,79.0,1,"December 06, 25",09/09/2024,Gregg Bennett,Neurology,,No,262,Robert Montoya,Male,2025-12-06,2024-09-09,453,False,,,False,Neurology,Gregg Bennett,False,2025,12,Saturday,76+
1068,Robert Torres,61.0,Male,2025/10/20,07-Aug-2025,Kyle Phillips,Neurology,$129.48,N,263,Robert Torres,Male,2025-10-20,2025-08-07,74,False,USD,129.48,False,Neurology,Kyle Phillips,False,2025,10,Monday,61-75
1015,Mason Morgan,53.0,male,2025/04/21,"August 25, 24",James Cobb,General,Rs299.03,No,264,Mason Morgan,Male,2025-04-21,2024-08-25,239,False,INR,299.03,False,General,James Cobb,False,2025,4,Monday,46-60
1090,Jeffrey Hart,70.0,Female,"December 09, 25",11/16/2024,Jacob Townsend,Orthopedics,Rs459.66,Y,265,Jeffrey Hart,Female,2025-12-09,2024-11-16,388,False,INR,459.66,True,Orthopedics,Jacob Townsend,False,2025,12,Tuesday,61-75
1086,Jessica Pitts,72.0,0,03/10/2026,22-Oct-2025,Miguel Hayes,Orthopedics,£403.61,0,266,Jessica Pitts,Female,2026-03-10,2025-10-22,139,False,GBP,403.61,False,Orthopedics,Miguel Hayes,False,2026,3,Tuesday,61-75
1088,Amy King,49.0,Female,15-Sep-2025,2025/01/30,Peter Wells,General,£241.48,Y,267,Amy King,Female,2025-09-15,2025-01-30,228,False,GBP,241.48,True,General,Peter Wells,False,2025,9,Monday,46-60
1034,Lisa Fisher,44.0,,16-Jul-2025,06/12/2025,Karen Martin,Neurology,$417.38,Yes,268,Lisa Fisher,Unknown,2025-07-16,2025-06-12,34,False,USD,417.38,True,Neurology,Karen Martin,False,2025,7,Wednesday,31-45
1070,Donna Jenkins,68.0,female,2025/05/30,2024/05/14,Rachel Allen,General,Rs390.97,Yes,269,Donna Jenkins,Female,2025-05-30,2024-05-14,381,False,INR,390.97,True,General,Rachel Allen,False,2025,5,Friday,61-75
1032,Matthew Cox,88.0,M,01/22/2026,07-Apr-2024,Alexander Horton,General,Rs100.2,No,270,Matthew Cox,Male,2026-01-22,2024-04-07,655,False,INR,100.2,False,General,Alexander Horton,False,2026,1,Thursday,76+
1036,Melissa Berry MD,75.0,1,23-Feb-2026,10/16/2024,Kathryn Hooper,Cardiology,£462.97,N,271,Melissa Berry Md,Male,2026-02-23,2024-10-16,495,False,GBP,462.97,False,Cardiology,Kathryn Hooper,False,2026,2,Monday,61-75
1098,Zachary Frazier,88.0,Female,14-Feb-2026,2024/12/27,Tamara Thompson,Orthopedics,$481.92,0,272,Zachary Frazier,Female,2026-02-14,2024-12-27,414,False,USD,481.92,False,Orthopedics,Tamara Thompson,False,2026,2,Saturday,76+
1071,Jose Bryant,49.0,Male,2025/05/24,"December 10, 24",Ryan Lopez,Orthopedics,£350.41,N,273,Jose Bryant,Male,2025-05-24,2024-12-10,165,False,GBP,350.41,False,Orthopedics,Ryan Lopez,False,2025,5,Saturday,46-60
1054,Thomas Smith,82.0,1,"November 23, 25",2024/12/07,Kenneth Turner,Cardiology,Rs392.87,Yes,274,Thomas Smith,Male,2025-11-23,2024-12-07,351,False,INR,392.87,True,Cardiology,Kenneth Turner,False,2025,11,Sunday,76+
1054,Jason Harrington,62.0,Male,01/16/2026,07/14/2025,Stacey Miller,Orthopedics,,No,275,Jason Harrington,Male,2026-01-16,2025-07-14,186,False,,,False,Orthopedics,Stacey Miller,False,2026,1,Friday,61-75
1090,Autumn Griffin,55.0,0,21-Sep-2025,"June 18, 24",Isabel Harris,Orthopedics,$202.41,0,276,Autumn Griffin,Female,2025-09-21,2024-06-18,460,False,USD,202.41,False,Orthopedics,Isabel Harris,False,2025,9,Sunday,46-60
1027,Adam Shelton,83.0,1,26-Jun-2025,06/12/2025,Mary Thompson,Neurology,$225.1,Yes,277,Adam Shelton,Male,2025-06-26,2025-06-12,14,False,USD,225.1,True,Neurology,Mary Thompson,False,2025,6,Thursday,76+
1017,Amber Trevino,86.0,F,28-May-2025,07/10/2024,Sarah Holder,Cardiology,,1,278,Amber Trevino,Female,2025-05-28,2024-07-10,322,False,,,True,Cardiology,Sarah Holder,False,2025,5,Wednesday,76+
1027,Jamie Aguilar,77.0,Female,19-Sep-2025,"August 20, 24",Michael Duke,Cardiology,€400.01,Y,279,Jamie Aguilar,Female,2025-09-19,2024-08-20,395,False,EUR,400.01,True,Cardiology,Michael Duke,False,2025,9,Friday,76+
1026,Alyssa Lucas,47.0,F,"January 06, 26",11-Oct-2024,Daniel Ryan,Neurology,$400.52,Yes,280,Alyssa Lucas,Female,2026-01-06,2024-10-11,452,False,USD,400.52,True,Neurology,Daniel Ryan,False,2026,1,Tuesday,46-60
1080,Theresa Young,69.0,Male,10/15/2025,"June 11, 25",Brenda Booth,General,£152.7,0,281,Theresa Young,Male,2025-10-15,2025-06-11,126,False,GBP,152.7,False,General,Brenda Booth,False,2025,10,Wednesday,61-75
1039,Donna Clark,40.0,0,09/03/2025,04/08/2024,Joanne Adams,Cardiology,€154.68,Yes,282,Donna Clark,Female,2025-09-03,2024-04-08,513,False,EUR,154.68,True,Cardiology,Joanne Adams,False,2025,9,Wednesday,31-45
1059,Michael White,32.0,male,2026/03/11,23-Jul-2025,Seth Ramirez,General,$300.71,Yes,283,Michael White,Male,2026-03-11,2025-07-23,231,False,USD,300.71,True,General,Seth Ramirez,False,2026,3,Wednesday,31-45
1043,Jessica Johnson,66.0,1,2025/11/22,"September 07, 25",Kevin Weaver,Neurology,£166.59,Yes,284,Jessica Johnson,Male,2025-11-22,2025-09-07,76,False,GBP,166.59,True,Neurology,Kevin Weaver,False,2025,11,Saturday,61-75
1066,Victor Anderson MD,28.0,Male,"September 10, 25",2025/04/21,Dr. William Terry,Cardiology,£357.83,1,285,Victor Anderson Md,Male,2025-09-10,2025-04-21,142,False,GBP,357.83,True,Cardiology,Dr. William Terry,False,2025,9,Wednesday,18-30
1040,Jodi Floyd,35.0,M,2025/08/19,15-Jun-2025,Brett Arnold,General,Rs458.11,N,286,Jodi Floyd,Male,2025-08-19,2025-06-15,65,False,INR,458.11,False,General,Brett Arnold,False,2025,8,Tuesday,31-45
1090,Bradley Leach,25.0,Female,11/13/2025,12/13/2024,Amanda Flores,General,€85.07,1,287,Bradley Leach,Female,2025-11-13,2024-12-13,335,False,EUR,85.07,True,General,Amanda Flores,False,2025,11,Thursday,18-30
1003,Stephen Butler,81.0,female,"May 22, 25",2024/04/15,Shannon Martinez,Neurology,£209.67,Y,288,Stephen Butler,Female,2025-05-22,2024-04-15,402,False,GBP,209.67,True,Neurology,Shannon Martinez,False,2025,5,Thursday,76+
1054,Jennifer Martin,30.0,male,22-Feb-2026,07/04/2025,Jeffery Smith,General,£239.39,N,289,Jennifer Martin,Male,2026-02-22,2025-07-04,233,False,GBP,239.39,False,General,Jeffery Smith,False,2026,2,Sunday,18-30
1003,Janet Gordon,41.0,0,2025/05/14,04/05/2024,Michelle Johnson,General,Rs398.73,No,290,Janet Gordon,Female,2025-05-14,2024-04-05,404,False,INR,398.73,False,General,Michelle Johnson,False,2025,5,Wednesday,31-45
1011,Susan Bautista,54.0,0,13-Feb-2026,06-Nov-2024,Michael Schmidt,Orthopedics,€325.86,N,291,Susan Bautista,Female,2026-02-13,2024-11-06,464,False,EUR,325.86,False,Orthopedics,Michael Schmidt,False,2026,2,Friday,46-60
1029,Steve Ramirez,30.0,F,2025/07/19,"May 12, 25",Michelle Jones,Orthopedics,$451.11,N,292,Steve Ramirez,Female,2025-07-19,2025-05-12,68,False,USD,451.11,False,Orthopedics,Michelle Jones,False,2025,7,Saturday,18-30
1051,Kristine Logan,53.0,0,"June 29, 25","September 13, 24",Regina Cox,Neurology,£416.39,No,293,Kristine Logan,Female,2025-06-29,2024-09-13,289,False,GBP,416.39,False,Neurology,Regina Cox,False,2025,6,Sunday,46-60
1041,Janet Lewis,65.0,1,2025/10/28,18-Aug-2025,Gregory Neal,Neurology,€303.42,N,294,Janet Lewis,Male,2025-10-28,2025-08-18,71,False,EUR,303.42,False,Neurology,Gregory Neal,False,2025,10,Tuesday,61-75
1004,Phillip Blevins,64.0,,03/12/2026,"June 04, 24",Darryl Garcia,General,$124.85,1,295,Phillip Blevins,Unknown,2026-03-12,2024-06-04,646,False,USD,124.85,True,General,Darryl Garcia,False,2026,3,Thursday,61-75
1054,Robert Mason,78.0,Male,2025/12/25,13-Dec-2024,Steven Mercer,Neurology,$370.37,No,296,Robert Mason,Male,2025-12-25,2024-12-13,377,False,USD,370.37,False,Neurology,Steven Mercer,False,2025,12,Thursday,76+
1006,Rachel Nguyen,63.0,M,2025/12/13,"March 05, 25",John Wolf,Neurology,Rs416.85,N,297,Rachel Nguyen,Male,2025-12-13,2025-03-05,283,False,INR,416.85,False,Neurology,John Wolf,False,2025,12,Saturday,61-75
1076,John Nguyen,23.0,Male,2025/10/05,20-Mar-2025,David Robertson,General,,No,298,John Nguyen,Male,2025-10-05,2025-03-20,199,False,,,False,General,David Robertson,False,2025,10,Sunday,18-30
1054,Jennifer Stevens,70.0,0,11/03/2025,06/16/2025,Joseph Park,Cardiology,£231.18,Yes,299,Jennifer Stevens,Female,2025-11-03,2025-06-16,140,False,GBP,231.18,True,Cardiology,Joseph Park,False,2025,11,Monday,61-75
1021,Matthew Davis,54.0,male,"September 20, 25",24-Jun-2024,Megan Lopez,Cardiology,Rs119.4,0,300,Matthew Davis,Male,2025-09-20,2024-06-24,453,False,INR,119.4,False,Cardiology,Megan Lopez,False,2025,9,Saturday,46-60
1015,Ashley Daniels,50.0,0,2025/08/25,"June 18, 24",Robert Davies,Neurology,$63.38,Yes,301,Ashley Daniels,Female,2025-08-25,2024-06-18,433,False,USD,63.38,True,Neurology,Robert Davies,False,2025,8,Monday,46-60
1014,Dana Park,79.0,0,2026/01/28,"April 03, 24",Christopher Garrett,Neurology,Rs341.27,Yes,302,Dana Park,Female,2026-01-28,2024-04-03,665,False,INR,341.27,True,Neurology,Christopher Garrett,False,2026,1,Wednesday,76+
1088,Michael Short,83.0,Male,01/03/2026,2024/12/21,Charles Hess,Orthopedics,$483.19,Yes,303,Michael Short,Male,2026-01-03,2024-12-21,378,False,USD,483.19,True,Orthopedics,Charles Hess,False,2026,1,Saturday,76+
1034,Anthony Mitchell,37.0,0,09-Oct-2025,"April 05, 25",Theresa Osborne,Neurology,€371.49,N,304,Anthony Mitchell,Female,2025-10-09,2025-04-05,187,False,EUR,371.49,False,Neurology,Theresa Osborne,False,2025,10,Thursday,31-45
1020,Jamie Peck,40.0,female,"January 14, 26",11/13/2025,Lisa Garcia,Neurology,€406.43,N,305,Jamie Peck,Female,2026-01-14,2025-11-13,62,False,EUR,406.43,False,Neurology,Lisa Garcia,False,2026,1,Wednesday,31-45
1053,Kelsey Kelly,76.0,Male,06/19/2025,2025/04/30,Denise Hall,Cardiology,€334.38,0,306,Kelsey Kelly,Male,2025-06-19,2025-04-30,50,False,EUR,334.38,False,Cardiology,Denise Hall,False,2025,6,Thursday,76+
1011,Allison Mcgrath,60.0,Male,06/22/2025,2024/04/26,Morgan Mccoy,Cardiology,Rs125.6,0,307,Allison Mcgrath,Male,2025-06-22,2024-04-26,422,False,INR,125.6,False,Cardiology,Morgan Mccoy,False,2025,6,Sunday,46-60
1074,Denise Anderson,51.0,M,12/28/2025,2025/04/17,Timothy Beasley,General,£377.85,N,308,Denise Anderson,Male,2025-12-28,2025-04-17,255,False,GBP,377.85,False,General,Timothy Beasley,False,2025,12,Sunday,46-60
1051,Louis Thomas,52.0,0,2025/09/07,04/23/2024,Michelle Carter,Cardiology,£450.24,1,309,Louis Thomas,Female,2025-09-07,2024-04-23,502,False,GBP,450.24,True,Cardiology,Michelle Carter,False,2025,9,Sunday,46-60
1029,Sarah Taylor,43.0,female,"September 25, 25",10/30/2024,Christopher Sexton,Cardiology,€382.81,1,310,Sarah Taylor,Female,2025-09-25,2024-10-30,330,False,EUR,382.81,True,Cardiology,Christopher Sexton,False,2025,9,Thursday,31-45
1043,Dustin Perry,38.0,Male,"January 25, 26","April 09, 24",Adam Moore,Neurology,$424.21,N,311,Dustin Perry,Male,2026-01-25,2024-04-09,656,False,USD,424.21,False,Neurology,Adam Moore,False,2026,1,Sunday,31-45
1095,Shawn Tucker,84.0,F,2026/02/15,21-Nov-2025,Melissa Schmidt,Orthopedics,€258.38,Y,312,Shawn Tucker,Female,2026-02-15,2025-11-21,86,False,EUR,258.38,True,Orthopedics,Melissa Schmidt,False,2026,2,Sunday,76+
1080,Rachel Russo,40.0,1,08/27/2025,13-Jul-2025,Christine Wilson,Orthopedics,Rs366.15,Yes,313,Rachel Russo,Male,2025-08-27,2025-07-13,45,False,INR,366.15,True,Orthopedics,Christine Wilson,False,2025,8,Wednesday,31-45
1082,Dana Martinez,89.0,1,"March 27, 25",16-Dec-2024,Barry Bennett,Cardiology,Rs466.92,N,314,Dana Martinez,Male,2025-03-27,2024-12-16,101,False,INR,466.92,False,Cardiology,Barry Bennett,False,2025,3,Thursday,76+
1058,Shane Fowler,57.0,0,2025/10/30,"August 27, 24",Kimberly Douglas,Neurology,£114.67,Y,315,Shane Fowler,Female,2025-10-30,2024-08-27,429,False,GBP,114.67,True,Neurology,Kimberly Douglas,False,2025,10,Thursday,46-60
1088,Kimberly Robinson,26.0,female,04-Mar-2026,12/28/2025,Michael Wright,Cardiology,Rs71.67,0,316,Kimberly Robinson,Female,2026-03-04,2025-12-28,66,False,INR,71.67,False,Cardiology,Michael Wright,False,2026,3,Wednesday,18-30
1039,Robert Rodriguez,61.0,0,"November 07, 25",2025/09/21,Stephanie Douglas,General,Rs264.27,0,317,Robert Rodriguez,Female,2025-11-07,2025-09-21,47,False,INR,264.27,False,General,Stephanie Douglas,False,2025,11,Friday,61-75
1016,Rita Joyce,78.0,F,2025/05/21,2024/08/18,Diana Neal,Neurology,Rs92.45,Y,318,Rita Joyce,Female,2025-05-21,2024-08-18,276,False,INR,92.45,True,Neurology,Diana Neal,False,2025,5,Wednesday,76+
1098,Kimberly Meyer,35.0,1,17-Dec-2025,2024/04/27,Christopher Perez,Orthopedics,Rs441.33,N,319,Kimberly Meyer,Male,2025-12-17,2024-04-27,599,False,INR,441.33,False,Orthopedics,Christopher Perez,False,2025,12,Wednesday,31-45
1025,Kelly Morris,40.0,male,08/11/2025,"August 02, 24",Matthew Mccann,Orthopedics,Rs258.78,0,320,Kelly Morris,Male,2025-08-11,2024-08-02,374,False,INR,258.78,False,Orthopedics,Matthew Mccann,False,2025,8,Monday,31-45
1012,Kevin Thompson,59.0,female,01-May-2025,"October 02, 24",Lynn Cruz,General,Rs156.71,1,321,Kevin Thompson,Female,2025-05-01,2024-10-02,211,False,INR,156.71,True,General,Lynn Cruz,False,2025,5,Thursday,46-60
1038,April Braun,57.0,Female,2025/04/29,04/16/2024,Jacob Mendoza,Neurology,Rs110.47,Y,322,April Braun,Female,2025-04-29,2024-04-16,378,False,INR,110.47,True,Neurology,Jacob Mendoza,False,2025,4,Tuesday,46-60
1000,Alejandro Lopez,85.0,M,2025/06/15,2024/07/03,Brian Bowman,Neurology,€361.32,0,323,Alejandro Lopez,Male,2025-06-15,2024-07-03,347,False,EUR,361.32,False,Neurology,Brian Bowman,False,2025,6,Sunday,76+
1020,Scott Bishop,76.0,Female,"May 30, 25",07/27/2024,Dylan Gibson,General,€405.85,No,324,Scott Bishop,Female,2025-05-30,2024-07-27,307,False,EUR,405.85,False,General,Dylan Gibson,False,2025,5,Friday,76+
1010,Steven Baldwin,87.0,,05-Jun-2025,04/14/2024,Lori Reid,Neurology,Rs496.78,1,325,Steven Baldwin,Unknown,2025-06-05,2024-04-14,417,False,INR,496.78,True,Neurology,Lori Reid,False,2025,6,Thursday,76+
1031,Randy Austin,40.0,1,2026/02/12,2024/04/12,Dr. Deborah Fitzgerald,Neurology,$364.33,N,326,Randy Austin,Male,2026-02-12,2024-04-12,671,False,USD,364.33,False,Neurology,Dr. Deborah Fitzgerald,False,2026,2,Thursday,31-45
1006,Anthony Martin,54.0,Female,18-Jun-2025,11/06/2024,Alex Richards,Neurology,Rs119.63,No,327,Anthony Martin,Female,2025-06-18,2024-11-06,224,False,INR,119.63,False,Neurology,Alex Richards,False,2025,6,Wednesday,46-60
1078,Patricia Ramsey,85.0,F,"July 20, 25",11/27/2024,Jennifer Tanner,General,£399.55,0,328,Patricia Ramsey,Female,2025-07-20,2024-11-27,235,False,GBP,399.55,False,General,Jennifer Tanner,False,2025,7,Sunday,76+
1021,Lauren Gardner,43.0,F,2025/04/25,"April 01, 25",Alison Castro,Neurology,Rs186.4,0,329,Lauren Gardner,Female,2025-04-25,2025-04-01,24,False,INR,186.4,False,Neurology,Alison Castro,False,2025,4,Friday,31-45
1084,Daniel Willis,53.0,female,11/05/2025,08/01/2025,Megan Austin,Neurology,Rs234.99,Yes,330,Daniel Willis,Female,2025-11-05,2025-08-01,96,False,INR,234.99,True,Neurology,Megan Austin,False,2025,11,Wednesday,46-60
1025,Shawn Moore,55.0,Female,"November 15, 25",2024/07/06,Rebecca Ward,General,Rs316.26,No,331,Shawn Moore,Female,2025-11-15,2024-07-06,497,False,INR,316.26,False,General,Rebecca Ward,False,2025,11,Saturday,46-60
1015,Sherry Wilson,21.0,F,07-Dec-2025,2025/02/28,Pamela Wiley,Orthopedics,Rs129.91,1,332,Sherry Wilson,Female,2025-12-07,2025-02-28,282,False,INR,129.91,True,Orthopedics,Pamela Wiley,False,2025,12,Sunday,18-30
1084,Teresa Peters,78.0,male,11-Feb-2026,2024/11/14,Tracey Johnson,Neurology,€468.01,0,333,Teresa Peters,Male,2026-02-11,2024-11-14,454,False,EUR,468.01,False,Neurology,Tracey Johnson,False,2026,2,Wednesday,76+
1015,Nicole Evans,86.0,F,2025/08/13,2024/09/21,Ashley Cuevas,Cardiology,Rs459.41,Y,334,Nicole Evans,Female,2025-08-13,2024-09-21,326,False,INR,459.41,True,Cardiology,Ashley Cuevas,False,2025,8,Wednesday,76+
1091,Brandon Sanders,27.0,Male,09-Jan-2026,"March 16, 25",Amy Dunlap,Orthopedics,€370.25,0,335,Brandon Sanders,Male,2026-01-09,2025-03-16,299,False,EUR,370.25,False,Orthopedics,Amy Dunlap,False,2026,1,Friday,18-30
1065,Samantha Wallace,76.0,male,06/28/2025,"December 22, 24",Charles Jackson,Orthopedics,Rs145.83,Y,336,Samantha Wallace,Male,2025-06-28,2024-12-22,188,False,INR,145.83,True,Orthopedics,Charles Jackson,False,2025,6,Saturday,76+
1045,Jared Butler,38.0,male,08/19/2025,06/09/2025,Jason Morales,General,€243.78,Yes,337,Jared Butler,Male,2025-08-19,2025-06-09,71,False,EUR,243.78,True,General,Jason Morales,False,2025,8,Tuesday,31-45
1050,Tracey Beck,81.0,male,27-May-2025,09/20/2024,Logan Cooper,Cardiology,$184.28,Y,338,Tracey Beck,Male,2025-05-27,2024-09-20,249,False,USD,184.28,True,Cardiology,Logan Cooper,False,2025,5,Tuesday,76+
1058,Brianna Mcpherson,90.0,Male,05/13/2025,"June 17, 24",Nathaniel Thompson,General,£109.61,Yes,339,Brianna Mcpherson,Male,2025-05-13,2024-06-17,330,False,GBP,109.61,True,General,Nathaniel Thompson,False,2025,5,Tuesday,76+
1047,Ray Mcbride,87.0,female,10/06/2025,2024/12/02,Natalie Turner,General,$135.41,N,340,Ray Mcbride,Female,2025-10-06,2024-12-02,308,False,USD,135.41,False,General,Natalie Turner,False,2025,10,Monday,76+
1044,Tammy Thomas,74.0,F,"April 02, 25",19-Jan-2025,Kurt Cain,Orthopedics,£109.02,0,341,Tammy Thomas,Female,2025-04-02,2025-01-19,73,False,GBP,109.02,False,Orthopedics,Kurt Cain,False,2025,4,Wednesday,61-75
1049,Kelly Mason,65.0,Female,02/17/2026,31-May-2024,Laura Edwards,Cardiology,$205.16,1,342,Kelly Mason,Female,2026-02-17,2024-05-31,627,False,USD,205.16,True,Cardiology,Laura Edwards,False,2026,2,Tuesday,61-75
1095,Nicholas Kelly,53.0,F,"March 23, 26",02-Apr-2025,Paula Freeman,Cardiology,,Y,343,Nicholas Kelly,Female,2026-03-23,2025-04-02,355,False,,,True,Cardiology,Paula Freeman,False,2026,3,Monday,46-60
1098,Anne Jones DVM,48.0,F,05-Jan-2026,"May 30, 25",Linda French,General,$296.43,Yes,344,Anne Jones Dvm,Female,2026-01-05,2025-05-30,220,False,USD,296.43,True,General,Linda French,False,2026,1,Monday,46-60
1066,Andrea Mendez,33.0,M,2025/07/02,"August 14, 24",Joshua Reed,General,$233.98,No,345,Andrea Mendez,Male,2025-07-02,2024-08-14,322,False,USD,233.98,False,General,Joshua Reed,False,2025,7,Wednesday,31-45
1014,Jennifer Schwartz,90.0,,"February 12, 26",08/14/2024,Mrs. Michelle Ramsey,Orthopedics,€474.34,N,346,Jennifer Schwartz,Unknown,2026-02-12,2024-08-14,547,False,EUR,474.34,False,Orthopedics,Mrs. Michelle Ramsey,False,2026,2,Thursday,76+
1003,Zachary Cross,61.0,1,"July 31, 25",2025/04/23,Toni Rodriguez,Neurology,£317.84,0,347,Zachary Cross,Male,2025-07-31,2025-04-23,99,False,GBP,317.84,False,Neurology,Toni Rodriguez,False,2025,7,Thursday,61-75
1056,Andrea Murray,46.0,1,12-Mar-2026,2025/08/11,Alexa Martin,Neurology,Rs435.55,0,348,Andrea Murray,Male,2026-03-12,2025-08-11,213,False,INR,435.55,False,Neurology,Alexa Martin,False,2026,3,Thursday,46-60
1033,Michele Green,48.0,0,"June 30, 25",24-Jan-2025,Nancy Hernandez,Orthopedics,Rs88.58,No,349,Michele Green,Female,2025-06-30,2025-01-24,157,False,INR,88.58,False,Orthopedics,Nancy Hernandez,False,2025,6,Monday,46-60
1095,Summer Bishop,37.0,1,2025/10/21,"August 07, 25",Cynthia Green,Cardiology,,Yes,350,Summer Bishop,Male,2025-10-21,2025-08-07,75,False,,,True,Cardiology,Cynthia Green,False,2025,10,Tuesday,31-45
1036,Daniel Braun,27.0,Male,2026/03/20,2026/02/09,Tonya Kennedy,Cardiology,€252.38,Y,351,Daniel Braun,Male,2026-03-20,2026-02-09,39,False,EUR,252.38,True,Cardiology,Tonya Kennedy,False,2026,3,Friday,18-30
1082,Kyle Jones,29.0,M,2025/11/01,17-Mar-2025,Cheryl Mullins,Neurology,$366.49,N,352,Kyle Jones,Male,2025-11-01,2025-03-17,229,False,USD,366.49,False,Neurology,Cheryl Mullins,False,2025,11,Saturday,18-30
1063,Erin Baker,36.0,Male,"October 02, 25",2025/09/12,Carla King,General,Rs239.5,Yes,353,Erin Baker,Male,2025-10-02,2025-09-12,20,False,INR,239.5,True,General,Carla King,False,2025,10,Thursday,31-45
1003,Cheryl Calderon,29.0,female,02/23/2026,04-Apr-2024,Michael Adams,Orthopedics,Rs55.55,N,354,Cheryl Calderon,Female,2026-02-23,2024-04-04,690,False,INR,55.55,False,Orthopedics,Michael Adams,False,2026,2,Monday,18-30
1005,Andrea Mcbride,64.0,female,"September 15, 25",01/19/2025,Laura Newman,Neurology,£112.28,No,355,Andrea Mcbride,Female,2025-09-15,2025-01-19,239,False,GBP,112.28,False,Neurology,Laura Newman,False,2025,9,Monday,61-75
1058,Danielle Barrett,36.0,Female,"December 20, 25","March 27, 24",Gregory Griffin,General,Rs386.16,1,356,Danielle Barrett,Female,2025-12-20,2024-03-27,633,False,INR,386.16,True,General,Gregory Griffin,False,2025,12,Saturday,31-45
1061,Madison Wilson,23.0,male,01/08/2026,29-Nov-2024,Ryan Steele,Cardiology,€230.73,N,357,Madison Wilson,Male,2026-01-08,2024-11-29,405,False,EUR,230.73,False,Cardiology,Ryan Steele,False,2026,1,Thursday,18-30
1004,Thomas Crawford,63.0,female,2025/05/13,2024/04/22,Ashley Shaw,General,€296.85,0,358,Thomas Crawford,Female,2025-05-13,2024-04-22,386,False,EUR,296.85,False,General,Ashley Shaw,False,2025,5,Tuesday,61-75
1057,Sheila Thomas,58.0,1,2025/09/08,2025/02/24,Catherine Gamble,Cardiology,£64.79,0,359,Sheila Thomas,Male,2025-09-08,2025-02-24,196,False,GBP,64.79,False,Cardiology,Catherine Gamble,False,2025,9,Monday,46-60
1036,Daniel Long,38.0,Female,"November 17, 25",2024/10/09,Jean Lawson DDS,Neurology,€101.1,Yes,360,Daniel Long,Female,2025-11-17,2024-10-09,404,False,EUR,101.1,True,Neurology,Jean Lawson,False,2025,11,Monday,31-45
1095,James Fox,60.0,Female,22-Dec-2025,17-May-2024,Victoria Osborne,General,Rs204.86,Yes,361,James Fox,Female,2025-12-22,2024-05-17,584,False,INR,204.86,True,General,Victoria Osborne,False,2025,12,Monday,46-60
1036,Evan Price,87.0,1,31-Jul-2025,"November 02, 24",Brooke Ramos,Cardiology,$369.12,1,362,Evan Price,Male,2025-07-31,2024-11-02,271,False,USD,369.12,True,Cardiology,Brooke Ramos,False,2025,7,Thursday,76+
1049,Vanessa Graves,58.0,female,08/07/2025,01/02/2025,Leslie Smith,Cardiology,Rs474.33,Y,363,Vanessa Graves,Female,2025-08-07,2025-01-02,217,False,INR,474.33,True,Cardiology,Leslie Smith,False,2025,8,Thursday,46-60
1036,Barbara Drake,20.0,1,"August 26, 25",01/09/2025,Julie Jacobs,Cardiology,€285.97,No,364,Barbara Drake,Male,2025-08-26,2025-01-09,229,False,EUR,285.97,False,Cardiology,Julie Jacobs,False,2025,8,Tuesday,18-30
1050,Logan Gonzalez,81.0,,2026/02/17,2025/04/03,John Anderson,Neurology,€209.27,Y,365,Logan Gonzalez,Unknown,2026-02-17,2025-04-03,320,False,EUR,209.27,True,Neurology,John Anderson,False,2026,2,Tuesday,76+
1019,Brittney Gonzales,38.0,,12/20/2025,14-Aug-2025,Kimberly Caldwell,Orthopedics,Rs347.87,1,366,Brittney Gonzales,Unknown,2025-12-20,2025-08-14,128,False,INR,347.87,True,Orthopedics,Kimberly Caldwell,False,2025,12,Saturday,31-45
1082,Nichole Phillips,56.0,M,2025/09/17,08/19/2025,Michael Jackson,Cardiology,,Y,367,Nichole Phillips,Male,2025-09-17,2025-08-19,29,False,,,True,Cardiology,Michael Jackson,False,2025,9,Wednesday,46-60
1074,James Wise,67.0,F,2025/09/05,"May 19, 24",Karen Schmidt,Neurology,€98.07,Y,368,James Wise,Female,2025-09-05,2024-05-19,474,False,EUR,98.07,True,Neurology,Karen Schmidt,False,2025,9,Friday,61-75
1084,Logan Sampson,64.0,Male,12/31/2025,19-Apr-2025,Tiffany Melendez,Orthopedics,Rs154.03,1,369,Logan Sampson,Male,2025-12-31,2025-04-19,256,False,INR,154.03,True,Orthopedics,Tiffany Melendez,False,2025,12,Wednesday,61-75
1084,Tamara Ramirez MD,79.0,F,12/23/2025,01/12/2025,Emily Mcintosh,Neurology,£126.87,Yes,370,Tamara Ramirez Md,Female,2025-12-23,2025-01-12,345,False,GBP,126.87,True,Neurology,Emily Mcintosh,False,2025,12,Tuesday,76+
1004,Sheryl Lopez,27.0,M,08/26/2025,2024/09/10,Barbara Alvarado,Neurology,,Yes,371,Sheryl Lopez,Male,2025-08-26,2024-09-10,350,False,,,True,Neurology,Barbara Alvarado,False,2025,8,Tuesday,18-30
1006,Shannon Ramos,42.0,Male,"November 04, 25",2024/11/05,James Huber,Orthopedics,,Yes,372,Shannon Ramos,Male,2025-11-04,2024-11-05,364,False,,,True,Orthopedics,James Huber,False,2025,11,Tuesday,31-45
1096,Daniel Vazquez,83.0,female,2026/03/21,2025/12/09,Lisa Fry,Neurology,£194.82,1,373,Daniel Vazquez,Female,2026-03-21,2025-12-09,102,False,GBP,194.82,True,Neurology,Lisa Fry,False,2026,3,Saturday,76+
1022,Kimberly Heath,19.0,1,19-Oct-2025,09/19/2025,Amber Avila,Orthopedics,€145.75,Yes,374,Kimberly Heath,Male,2025-10-19,2025-09-19,30,False,EUR,145.75,True,Orthopedics,Amber Avila,False,2025,10,Sunday,18-30
1089,Tammy Yates,35.0,0,2025/10/29,09/06/2025,Nancy Luna,Cardiology,€58.55,No,375,Tammy Yates,Female,2025-10-29,2025-09-06,53,False,EUR,58.55,False,Cardiology,Nancy Luna,False,2025,10,Wednesday,31-45
1058,Alison Wolfe,29.0,Male,2025/05/30,"March 26, 24",Michelle Thomas,General,$481.22,Yes,376,Alison Wolfe,Male,2025-05-30,2024-03-26,430,False,USD,481.22,True,General,Michelle Thomas,False,2025,5,Friday,18-30
1024,Natalie Miller,55.0,F,12-Oct-2025,"October 28, 24",Derrick Glass,General,€56.37,Y,377,Natalie Miller,Female,2025-10-12,2024-10-28,349,False,EUR,56.37,True,General,Derrick Glass,False,2025,10,Sunday,46-60
1016,Kara Schneider,81.0,Female,21-Jul-2025,2024/07/08,Ivan Russo,General,£456.26,1,378,Kara Schneider,Female,2025-07-21,2024-07-08,378,False,GBP,456.26,True,General,Ivan Russo,False,2025,7,Monday,76+
1022,Kevin Jackson,56.0,Male,"June 16, 25",31-May-2024,David Love,Cardiology,$157.36,No,379,Kevin Jackson,Male,2025-06-16,2024-05-31,381,False,USD,157.36,False,Cardiology,David Love,False,2025,6,Monday,46-60
1088,Mary Werner,32.0,,07/22/2025,2024/04/12,Bonnie Walker,Orthopedics,$69.13,Yes,380,Mary Werner,Unknown,2025-07-22,2024-04-12,466,False,USD,69.13,True,Orthopedics,Bonnie Walker,False,2025,7,Tuesday,31-45
1016,Jennifer Barber,74.0,M,"December 06, 25",10/04/2024,Christopher Smith,Neurology,€56.63,Y,381,Jennifer Barber,Male,2025-12-06,2024-10-04,428,False,EUR,56.63,True,Neurology,Christopher Smith,False,2025,12,Saturday,61-75
1039,Emily Miller,55.0,male,"April 01, 25",09/13/2024,Nicole Bates,Orthopedics,$432.84,No,382,Emily Miller,Male,2025-04-01,2024-09-13,200,False,USD,432.84,False,Orthopedics,Nicole Bates,False,2025,4,Tuesday,46-60
1075,Christine Lane,27.0,Female,2025/04/07,"April 02, 24",Kimberly Long,Orthopedics,£208.8,N,383,Christine Lane,Female,2025-04-07,2024-04-02,370,False,GBP,208.8,False,Orthopedics,Kimberly Long,False,2025,4,Monday,18-30
1013,Gabriela Pope,62.0,female,01/02/2026,26-Feb-2025,Melissa Brown,Neurology,$413.25,1,384,Gabriela Pope,Female,2026-01-02,2025-02-26,310,False,USD,413.25,True,Neurology,Melissa Brown,False,2026,1,Friday,61-75
1089,Alexa Landry,24.0,Male,2025/09/16,16-Jan-2025,Larry Delgado,Orthopedics,$73.59,Yes,385,Alexa Landry,Male,2025-09-16,2025-01-16,243,False,USD,73.59,True,Orthopedics,Larry Delgado,False,2025,9,Tuesday,18-30
1084,Erica Thompson,34.0,F,07-Dec-2025,11-Oct-2025,Jill Kelley,General,Rs466.72,0,386,Erica Thompson,Female,2025-12-07,2025-10-11,57,False,INR,466.72,False,General,Jill Kelley,False,2025,12,Sunday,31-45
1018,James Noble,68.0,1,06/25/2025,"June 05, 25",Dylan George,Cardiology,€213.67,Y,387,James Noble,Male,2025-06-25,2025-06-05,20,False,EUR,213.67,True,Cardiology,Dylan George,False,2025,6,Wednesday,61-75
1026,Sandra Russo,42.0,1,25-Jan-2026,09-Dec-2024,Michael Alexander,General,$156.9,N,388,Sandra Russo,Male,2026-01-25,2024-12-09,412,False,USD,156.9,False,General,Michael Alexander,False,2026,1,Sunday,31-45
1001,Robert Hampton,90.0,M,2025/11/12,04-Sep-2025,Kevin Wilkinson,Neurology,£323.18,No,389,Robert Hampton,Male,2025-11-12,2025-09-04,69,False,GBP,323.18,False,Neurology,Kevin Wilkinson,False,2025,11,Wednesday,76+
1004,Rachel Simmons,65.0,male,2025/08/12,"December 27, 24",Robert Sanchez,Cardiology,$188.72,Y,390,Rachel Simmons,Male,2025-08-12,2024-12-27,228,False,USD,188.72,True,Cardiology,Robert Sanchez,False,2025,8,Tuesday,61-75
1013,Eduardo Martinez,89.0,Male,14-Oct-2025,16-Sep-2024,Craig Kelly,Cardiology,£411.32,1,391,Eduardo Martinez,Male,2025-10-14,2024-09-16,393,False,GBP,411.32,True,Cardiology,Craig Kelly,False,2025,10,Tuesday,76+
1009,Edward Taylor,67.0,female,07/02/2025,04-Jun-2024,Yvette Johnson,Orthopedics,€388.8,0,392,Edward Taylor,Female,2025-07-02,2024-06-04,393,False,EUR,388.8,False,Orthopedics,Yvette Johnson,False,2025,7,Wednesday,61-75
1021,Ashley Martinez,68.0,,05/07/2025,10/18/2024,Spencer Torres,Orthopedics,$296.8,N,393,Ashley Martinez,Unknown,2025-05-07,2024-10-18,201,False,USD,296.8,False,Orthopedics,Spencer Torres,False,2025,5,Wednesday,61-75
1100,Megan Edwards,69.0,1,10/08/2025,2025/05/19,Eric Arellano,Neurology,€439.46,No,394,Megan Edwards,Male,2025-10-08,2025-05-19,142,False,EUR,439.46,False,Neurology,Eric Arellano,False,2025,10,Wednesday,61-75
1005,Mr. Phillip Baxter,80.0,M,07/24/2025,01/16/2025,Tricia Hunt,General,$320.72,N,395,Mr. Phillip Baxter,Male,2025-07-24,2025-01-16,189,False,USD,320.72,False,General,Tricia Hunt,False,2025,7,Thursday,76+
1071,Diana Schroeder,73.0,1,"August 24, 25","July 04, 25",Alexandra Lee,Neurology,$262.84,No,396,Diana Schroeder,Male,2025-08-24,2025-07-04,51,False,USD,262.84,False,Neurology,Alexandra Lee,False,2025,8,Sunday,61-75
1070,Katelyn Miller,78.0,M,12/19/2025,"November 25, 24",Justin Chen,Cardiology,Rs274.94,0,397,Katelyn Miller,Male,2025-12-19,2024-11-25,389,False,INR,274.94,False,Cardiology,Justin Chen,False,2025,12,Friday,76+
1020,Brian Garrett,65.0,Female,01/24/2026,"January 04, 26",Tamara Williams,Cardiology,£182.77,No,398,Brian Garrett,Female,2026-01-24,2026-01-04,20,False,GBP,182.77,False,Cardiology,Tamara Williams,False,2026,1,Saturday,61-75
1074,Aaron Clay,87.0,M,31-Oct-2025,05/22/2025,Timothy Barker,Cardiology,€312.88,Yes,399,Aaron Clay,Male,2025-10-31,2025-05-22,162,False,EUR,312.88,True,Cardiology,Timothy Barker,False,2025,10,Friday,76+
1001,Brian Bolton,78.0,male,"August 18, 25",05/26/2024,Natalie Patrick,Neurology,£163.58,0,400,Brian Bolton,Male,2025-08-18,2024-05-26,449,False,GBP,163.58,False,Neurology,Natalie Patrick,False,2025,8,Monday,76+
1067,Karla Bush,66.0,,"May 23, 25",08/14/2024,Victor Hernandez,Cardiology,Rs135.85,Y,401,Karla Bush,Unknown,2025-05-23,2024-08-14,282,False,INR,135.85,True,Cardiology,Victor Hernandez,False,2025,5,Friday,61-75
1074,Michelle Edwards,30.0,female,03-Dec-2025,07/27/2025,Charles Harvey,Orthopedics,£242.2,Yes,402,Michelle Edwards,Female,2025-12-03,2025-07-27,129,False,GBP,242.2,True,Orthopedics,Charles Harvey,False,2025,12,Wednesday,18-30
1053,Jack Sutton,76.0,female,"November 28, 25",20-Apr-2025,Paul Giles,General,$374.72,Yes,403,Jack Sutton,Female,2025-11-28,2025-04-20,222,False,USD,374.72,True,General,Paul Giles,False,2025,11,Friday,76+
1020,Joseph Hart,69.0,Female,09/04/2025,16-Feb-2025,Ralph Fernandez,General,€326.58,No,404,Joseph Hart,Female,2025-09-04,2025-02-16,200,False,EUR,326.58,False,General,Ralph Fernandez,False,2025,9,Thursday,61-75
1013,Rachel Carlson,27.0,female,"January 05, 26",2024/12/12,Paul Martinez,Neurology,$379.39,Y,405,Rachel Carlson,Female,2026-01-05,2024-12-12,389,False,USD,379.39,True,Neurology,Paul Martinez,False,2026,1,Monday,18-30
1027,Miss Stacey Weaver,75.0,Male,14-Apr-2025,2024/06/20,Rachel Wilson,Orthopedics,Rs442.41,0,406,Miss Stacey Weaver,Male,2025-04-14,2024-06-20,298,False,INR,442.41,False,Orthopedics,Rachel Wilson,False,2025,4,Monday,61-75
1070,Steven Giles,58.0,F,"December 01, 25","December 29, 24",Kevin Vaughan,General,€358.98,0,407,Steven Giles,Female,2025-12-01,2024-12-29,337,False,EUR,358.98,False,General,Kevin Vaughan,False,2025,12,Monday,46-60
1050,Trevor Taylor,61.0,Female,2025/06/19,"September 01, 24",William Schneider,Neurology,£235.74,0,408,Trevor Taylor,Female,2025-06-19,2024-09-01,291,False,GBP,235.74,False,Neurology,William Schneider,False,2025,6,Thursday,61-75
1010,Erica Robbins,68.0,Female,04-Jul-2025,"October 31, 24",Matthew Carlson,General,$400.6,1,409,Erica Robbins,Female,2025-07-04,2024-10-31,246,False,USD,400.6,True,General,Matthew Carlson,False,2025,7,Friday,61-75
1017,Alexander Rios,43.0,0,"May 18, 25",07/22/2024,Bryan Parker,Orthopedics,€305.19,No,410,Alexander Rios,Female,2025-05-18,2024-07-22,300,False,EUR,305.19,False,Orthopedics,Bryan Parker,False,2025,5,Sunday,31-45
1085,Jennifer Reese,62.0,0,"November 07, 25","August 11, 24",James Aguilar,Cardiology,£357.15,N,411,Jennifer Reese,Female,2025-11-07,2024-08-11,453,False,GBP,357.15,False,Cardiology,James Aguilar,False,2025,11,Friday,61-75
1023,Daniel Valenzuela,45.0,male,06/21/2025,13-Mar-2025,Karen Brewer,Cardiology,$245.21,Yes,412,Daniel Valenzuela,Male,2025-06-21,2025-03-13,100,False,USD,245.21,True,Cardiology,Karen Brewer,False,2025,6,Saturday,31-45
1066,Alexander Jones,85.0,female,2025/12/09,"January 30, 25",Mary Ward,General,Rs498.26,Y,413,Alexander Jones,Female,2025-12-09,2025-01-30,313,False,INR,498.26,True,General,Mary Ward,False,2025,12,Tuesday,76+
1038,Robert Myers DDS,72.0,Female,2025/08/27,07-Dec-2024,Luis Smith,Neurology,Rs499.72,Yes,414,Robert Myers Dds,Female,2025-08-27,2024-12-07,263,False,INR,499.72,True,Neurology,Luis Smith,False,2025,8,Wednesday,61-75
1048,Jennifer Sims,63.0,Female,15-Oct-2025,02/02/2025,Janet Coffey,Cardiology,€315.71,Y,415,Jennifer Sims,Female,2025-10-15,2025-02-02,255,False,EUR,315.71,True,Cardiology,Janet Coffey,False,2025,10,Wednesday,61-75
1082,Jenna Williams,67.0,0,19-Jul-2025,12/04/2024,Ryan Mitchell,General,$149.33,Yes,416,Jenna Williams,Female,2025-07-19,2024-12-04,227,False,USD,149.33,True,General,Ryan Mitchell,False,2025,7,Saturday,61-75
1085,Jamie Nixon,69.0,1,03/16/2026,19-Jun-2024,Scott Allen,General,$412.82,N,417,Jamie Nixon,Male,2026-03-16,2024-06-19,635,False,USD,412.82,False,General,Scott Allen,False,2026,3,Monday,61-75
1046,Maria Harris,24.0,F,2025/07/19,29-Aug-2024,Henry Hall,Orthopedics,£372.5,0,418,Maria Harris,Female,2025-07-19,2024-08-29,324,False,GBP,372.5,False,Orthopedics,Henry Hall,False,2025,7,Saturday,18-30
1093,Angela Davis,87.0,F,"January 22, 26",11/03/2024,Danielle Meyer,Orthopedics,£60.76,0,419,Angela Davis,Female,2026-01-22,2024-11-03,445,False,GBP,60.76,False,Orthopedics,Danielle Meyer,False,2026,1,Thursday,76+
1072,Alex Burns,68.0,1,"January 10, 26",2025/09/11,Raymond Bond,Cardiology,€290.52,N,420,Alex Burns,Male,2026-01-10,2025-09-11,121,False,EUR,290.52,False,Cardiology,Raymond Bond,False,2026,1,Saturday,61-75
1089,Thomas Banks,80.0,1,12/09/2025,10/21/2025,George Stevens,Cardiology,Rs451.66,0,421,Thomas Banks,Male,2025-12-09,2025-10-21,49,False,INR,451.66,False,Cardiology,George Stevens,False,2025,12,Tuesday,76+
1007,Courtney Everett,39.0,Female,09-Jan-2026,2024/08/09,Ryan Chavez,Cardiology,£260.91,0,422,Courtney Everett,Female,2026-01-09,2024-08-09,518,False,GBP,260.91,False,Cardiology,Ryan Chavez,False,2026,1,Friday,31-45
1030,Lori Montgomery,18.0,M,02/26/2026,09/07/2025,Christy Fisher,Orthopedics,$117.12,1,423,Lori Montgomery,Male,2026-02-26,2025-09-07,172,False,USD,117.12,True,Orthopedics,Christy Fisher,False,2026,2,Thursday,18-30
1088,Sarah Fuller,80.0,M,"March 06, 26","June 18, 25",Cody Ortega,Cardiology,Rs460.11,Y,424,Sarah Fuller,Male,2026-03-06,2025-06-18,261,False,INR,460.11,True,Cardiology,Cody Ortega,False,2026,3,Friday,76+
1077,Julia Mckenzie,30.0,male,2025/08/13,02/10/2025,Sarah Scott,Cardiology,€91.94,1,425,Julia Mckenzie,Male,2025-08-13,2025-02-10,184,False,EUR,91.94,True,Cardiology,Sarah Scott,False,2025,8,Wednesday,18-30
1019,Eric Kim,33.0,female,13-Jun-2025,09-Jun-2024,Arthur Harris,General,,No,426,Eric Kim,Female,2025-06-13,2024-06-09,369,False,,,False,General,Arthur Harris,False,2025,6,Friday,31-45
1065,Anne Jacobs,31.0,1,2026/03/04,01/28/2026,Lauren Clark,Orthopedics,£347.38,Y,427,Anne Jacobs,Male,2026-03-04,2026-01-28,35,False,GBP,347.38,True,Orthopedics,Lauren Clark,False,2026,3,Wednesday,31-45
1081,Brandy Navarro,27.0,0,"July 16, 25",06/13/2025,Matthew Nichols,Orthopedics,Rs288.43,Yes,428,Brandy Navarro,Female,2025-07-16,2025-06-13,33,False,INR,288.43,True,Orthopedics,Matthew Nichols,False,2025,7,Wednesday,18-30
1058,Jennifer Lowery,21.0,0,09/16/2025,23-Mar-2025,Tracy Johnson,Cardiology,€222.2,0,429,Jennifer Lowery,Female,2025-09-16,2025-03-23,177,False,EUR,222.2,False,Cardiology,Tracy Johnson,False,2025,9,Tuesday,18-30
1034,Thomas Nash,75.0,F,"June 05, 25",01/20/2025,Justin Flores,Cardiology,Rs180.6,1,430,Thomas Nash,Female,2025-06-05,2025-01-20,136,False,INR,180.6,True,Cardiology,Justin Flores,False,2025,6,Thursday,61-75
1068,Yolanda Thomas,61.0,female,15-Dec-2025,2024/07/10,Keith Lee,Neurology,,1,431,Yolanda Thomas,Female,2025-12-15,2024-07-10,523,False,,,True,Neurology,Keith Lee,False,2025,12,Monday,61-75
1030,Victor Simmons,80.0,male,02/10/2026,17-Jan-2025,Christopher Nelson,Cardiology,€485.31,N,432,Victor Simmons,Male,2026-02-10,2025-01-17,389,False,EUR,485.31,False,Cardiology,Christopher Nelson,False,2026,2,Tuesday,76+
1013,Edward Holland,86.0,male,07-Sep-2025,11-Jan-2025,Joe Rodriguez,Neurology,£255.9,0,433,Edward Holland,Male,2025-09-07,2025-01-11,239,False,GBP,255.9,False,Neurology,Joe Rodriguez,False,2025,9,Sunday,76+
1092,Mary Foster,42.0,M,20-Apr-2025,2024/10/09,Terry Welch,Cardiology,€443.13,1,434,Mary Foster,Male,2025-04-20,2024-10-09,193,False,EUR,443.13,True,Cardiology,Terry Welch,False,2025,4,Sunday,31-45
1027,Michael Sullivan,63.0,M,07/09/2025,31-Jul-2024,Angela Thomas,Orthopedics,Rs318.88,Y,435,Michael Sullivan,Male,2025-07-09,2024-07-31,343,False,INR,318.88,True,Orthopedics,Angela Thomas,False,2025,7,Wednesday,61-75
1067,Thomas Smith,54.0,Female,"September 11, 25",2025/09/05,Brandon Garcia,Cardiology,$108.91,0,436,Thomas Smith,Female,2025-09-11,2025-09-05,6,False,USD,108.91,False,Cardiology,Brandon Garcia,False,2025,9,Thursday,46-60
1059,Melissa Ramirez,34.0,Male,10-Sep-2025,2024/10/30,Amber Clayton,Neurology,£167.18,Yes,437,Melissa Ramirez,Male,2025-09-10,2024-10-30,315,False,GBP,167.18,True,Neurology,Amber Clayton,False,2025,9,Wednesday,31-45
1040,Rachel Baker,22.0,Female,2025/12/15,05/18/2024,Maria Gentry,Orthopedics,£444.67,N,438,Rachel Baker,Female,2025-12-15,2024-05-18,576,False,GBP,444.67,False,Orthopedics,Maria Gentry,False,2025,12,Monday,18-30
1058,Penny West,84.0,female,10/24/2025,2025/03/27,Heather Ortiz,Neurology,$396.57,Yes,439,Penny West,Female,2025-10-24,2025-03-27,211,False,USD,396.57,True,Neurology,Heather Ortiz,False,2025,10,Friday,76+
1080,Michelle Mcclain,45.0,Female,11/11/2025,"June 10, 25",Mrs. Amy Miller,Cardiology,Rs185.29,0,440,Michelle Mcclain,Female,2025-11-11,2025-06-10,154,False,INR,185.29,False,Cardiology,Mrs. Amy Miller,False,2025,11,Tuesday,31-45
1026,Jennifer Davis,47.0,Female,02/17/2026,2024/05/09,Michael Bryant,Cardiology,$215.89,No,441,Jennifer Davis,Female,2026-02-17,2024-05-09,649,False,USD,215.89,False,Cardiology,Michael Bryant,False,2026,2,Tuesday,46-60
1058,Kimberly Lee,88.0,,2025/10/19,"November 16, 24",Vanessa Ramirez,Neurology,£438.81,N,442,Kimberly Lee,Unknown,2025-10-19,2024-11-16,337,False,GBP,438.81,False,Neurology,Vanessa Ramirez,False,2025,10,Sunday,76+
1065,Paul Perez,28.0,male,08/24/2025,07/29/2025,Nancy Young,Neurology,€231.7,1,443,Paul Perez,Male,2025-08-24,2025-07-29,26,False,EUR,231.7,True,Neurology,Nancy Young,False,2025,8,Sunday,18-30
1016,Tyler Smith,42.0,1,2025/11/05,"August 03, 24",Melinda Smith,General,,Y,444,Tyler Smith,Male,2025-11-05,2024-08-03,459,False,,,True,General,Melinda Smith,False,2025,11,Wednesday,31-45
1064,Anthony Boyd,27.0,Female,20-Feb-2026,"July 06, 25",Bradley Gibson,General,£173.85,Yes,445,Anthony Boyd,Female,2026-02-20,2025-07-06,229,False,GBP,173.85,True,General,Bradley Gibson,False,2026,2,Friday,18-30
1036,Henry Snyder,59.0,1,16-Oct-2025,04/29/2024,Theresa Simon,Cardiology,$285.44,Yes,446,Henry Snyder,Male,2025-10-16,2024-04-29,535,False,USD,285.44,True,Cardiology,Theresa Simon,False,2025,10,Thursday,46-60
1017,Sabrina Wade,34.0,Female,07/20/2025,2025/05/14,Randy Vargas,General,Rs202.92,N,447,Sabrina Wade,Female,2025-07-20,2025-05-14,67,False,INR,202.92,False,General,Randy Vargas,False,2025,7,Sunday,31-45
1005,Cody Scott,69.0,Male,"October 06, 25",2024/11/29,Larry Cohen,Neurology,€383.47,Yes,448,Cody Scott,Male,2025-10-06,2024-11-29,311,False,EUR,383.47,True,Neurology,Larry Cohen,False,2025,10,Monday,61-75
1086,David Mcdonald,84.0,1,12/24/2025,08/30/2024,Donald Garcia,General,£302.66,Y,449,David Mcdonald,Male,2025-12-24,2024-08-30,481,False,GBP,302.66,True,General,Donald Garcia,False,2025,12,Wednesday,76+
1095,Sherri Guzman,37.0,1,09/14/2025,2024/05/20,Carlos Morton,Orthopedics,£472.57,Yes,450,Sherri Guzman,Male,2025-09-14,2024-05-20,482,False,GBP,472.57,True,Orthopedics,Carlos Morton,False,2025,9,Sunday,31-45
1030,Mr. Brian Anderson,25.0,F,04/24/2025,04/14/2024,Adrienne Roberts,Orthopedics,€417.21,No,451,Mr. Brian Anderson,Female,2025-04-24,2024-04-14,375,False,EUR,417.21,False,Orthopedics,Adrienne Roberts,False,2025,4,Thursday,18-30
1059,Kayla Mccormick,84.0,female,"March 16, 26","December 04, 24",Robert Burton,Neurology,$244.68,Yes,452,Kayla Mccormick,Female,2026-03-16,2024-12-04,467,False,USD,244.68,True,Neurology,Robert Burton,False,2026,3,Monday,76+
1012,Mark Reeves,30.0,0,"January 08, 26",19-Aug-2025,Mark Hill,Cardiology,$70.7,Y,453,Mark Reeves,Female,2026-01-08,2025-08-19,142,False,USD,70.7,True,Cardiology,Mark Hill,False,2026,1,Thursday,18-30
1074,Debra Short,64.0,male,06/24/2025,06-Oct-2024,Karla Baker,General,€386.37,No,454,Debra Short,Male,2025-06-24,2024-10-06,261,False,EUR,386.37,False,General,Karla Baker,False,2025,6,Tuesday,61-75
1082,Melissa Richmond,33.0,Male,"June 11, 25",02/19/2025,Jasmin Holmes,Neurology,$387.75,Yes,455,Melissa Richmond,Male,2025-06-11,2025-02-19,112,False,USD,387.75,True,Neurology,Jasmin Holmes,False,2025,6,Wednesday,31-45
1009,Linda Murphy,63.0,Male,17-Feb-2026,11-Jan-2026,Margaret Montoya,Cardiology,Rs176.68,N,456,Linda Murphy,Male,2026-02-17,2026-01-11,37,False,INR,176.68,False,Cardiology,Margaret Montoya,False,2026,2,Tuesday,61-75
1091,Michael Gonzales,86.0,male,23-Dec-2025,11/24/2024,Richard Torres,General,Rs491.64,0,457,Michael Gonzales,Male,2025-12-23,2024-11-24,394,False,INR,491.64,False,General,Richard Torres,False,2025,12,Tuesday,76+
1038,Samantha Garner,54.0,0,"June 16, 25",2025/04/24,Jacob Hobbs,General,$325.91,0,458,Samantha Garner,Female,2025-06-16,2025-04-24,53,False,USD,325.91,False,General,Jacob Hobbs,False,2025,6,Monday,46-60
1037,David Reeves,52.0,1,06-Dec-2025,2025/01/19,Marc Copeland,General,,N,459,David Reeves,Male,2025-12-06,2025-01-19,321,False,,,False,General,Marc Copeland,False,2025,12,Saturday,46-60
1053,Jennifer Schwartz,30.0,Female,"December 31, 25",2025/11/14,Tamara Smith,Cardiology,$280.21,Y,460,Jennifer Schwartz,Female,2025-12-31,2025-11-14,47,False,USD,280.21,True,Cardiology,Tamara Smith,False,2025,12,Wednesday,18-30
1043,William Conley,28.0,0,09/27/2025,2025/06/19,Thomas Wallace,General,Rs88.29,0,461,William Conley,Female,2025-09-27,2025-06-19,100,False,INR,88.29,False,General,Thomas Wallace,False,2025,9,Saturday,18-30
1021,Kelly Ayers,53.0,Male,"February 16, 26",2025/04/04,Justin Taylor,Neurology,$443.75,Y,462,Kelly Ayers,Male,2026-02-16,2025-04-04,318,False,USD,443.75,True,Neurology,Justin Taylor,False,2026,2,Monday,46-60
1059,James Perry,57.0,M,2025/08/27,05-Apr-2024,Leonard Campbell,Cardiology,$385.61,Yes,463,James Perry,Male,2025-08-27,2024-04-05,509,False,USD,385.61,True,Cardiology,Leonard Campbell,False,2025,8,Wednesday,46-60
1038,Steven Phelps,19.0,Female,13-May-2025,"July 18, 24",Darren Williams,Cardiology,Rs350.5,Y,464,Steven Phelps,Female,2025-05-13,2024-07-18,299,False,INR,350.5,True,Cardiology,Darren Williams,False,2025,5,Tuesday,18-30
1065,Mark Daniels,75.0,M,2025/12/14,"May 30, 24",Kimberly Pierce,Orthopedics,$255.56,1,465,Mark Daniels,Male,2025-12-14,2024-05-30,563,False,USD,255.56,True,Orthopedics,Kimberly Pierce,False,2025,12,Sunday,61-75
1031,Zachary Williams,33.0,1,"September 13, 25",2024/07/02,Selena Brown,Orthopedics,£458.83,1,466,Zachary Williams,Male,2025-09-13,2024-07-02,438,False,GBP,458.83,True,Orthopedics,Selena Brown,False,2025,9,Saturday,31-45
1018,Carly Ford,20.0,Female,2025/07/23,22-Jun-2025,Scott Tran,Neurology,€138.29,N,467,Carly Ford,Female,2025-07-23,2025-06-22,31,False,EUR,138.29,False,Neurology,Scott Tran,False,2025,7,Wednesday,18-30
1081,Elaine Williams,42.0,Female,"March 15, 26",05/23/2024,Daniel Carlson,Cardiology,Rs189.02,Yes,468,Elaine Williams,Female,2026-03-15,2024-05-23,661,False,INR,189.02,True,Cardiology,Daniel Carlson,False,2026,3,Sunday,31-45
1098,Randy Wright,27.0,0,2025/08/14,"December 02, 24",Jennifer Banks,Orthopedics,€272.47,No,469,Randy Wright,Female,2025-08-14,2024-12-02,255,False,EUR,272.47,False,Orthopedics,Jennifer Banks,False,2025,8,Thursday,18-30
1070,Charles Foley,56.0,Male,"September 19, 25",28-Sep-2024,Richard Arias,Cardiology,€450.37,Y,470,Charles Foley,Male,2025-09-19,2024-09-28,356,False,EUR,450.37,True,Cardiology,Richard Arias,False,2025,9,Friday,46-60
1093,Ryan Kennedy,81.0,0,"February 07, 26","June 27, 24",Scott Shannon,General,$490.67,Yes,471,Ryan Kennedy,Female,2026-02-07,2024-06-27,590,False,USD,490.67,True,General,Scott Shannon,False,2026,2,Saturday,76+
1032,Stephen Cox,56.0,1,27-Sep-2025,2025/02/05,Joseph King,Cardiology,£99.17,No,472,Stephen Cox,Male,2025-09-27,2025-02-05,234,False,GBP,99.17,False,Cardiology,Joseph King,False,2025,9,Saturday,46-60
1071,Jennifer Jackson,80.0,0,2025/07/29,04/14/2024,Frank Harrell,Neurology,$105.64,No,473,Jennifer Jackson,Female,2025-07-29,2024-04-14,471,False,USD,105.64,False,Neurology,Frank Harrell,False,2025,7,Tuesday,76+
1067,Jessica Wilson,72.0,0,03/20/2026,13-Jul-2024,Sharon Nash,Orthopedics,€437.18,N,474,Jessica Wilson,Female,2026-03-20,2024-07-13,615,False,EUR,437.18,False,Orthopedics,Sharon Nash,False,2026,3,Friday,61-75
1090,Brittany Wall,37.0,M,"February 28, 26",2024/04/18,Willie Dean,General,Rs77.2,0,475,Brittany Wall,Male,2026-02-28,2024-04-18,681,False,INR,77.2,False,General,Willie Dean,False,2026,2,Saturday,31-45
1027,Diane Adams,81.0,Female,2025/12/30,01/09/2025,Andrew Carroll,General,€118.72,0,476,Diane Adams,Female,2025-12-30,2025-01-09,355,False,EUR,118.72,False,General,Andrew Carroll,False,2025,12,Tuesday,76+
1073,Shawn Moon,52.0,male,"March 17, 26",2025/10/20,Sheila Williams,Neurology,€155.69,Y,477,Shawn Moon,Male,2026-03-17,2025-10-20,148,False,EUR,155.69,True,Neurology,Sheila Williams,False,2026,3,Tuesday,46-60
1092,Sharon Lopez,79.0,1,2025/09/09,02/02/2025,Yolanda Richardson,Neurology,$487.57,N,478,Sharon Lopez,Male,2025-09-09,2025-02-02,219,False,USD,487.57,False,Neurology,Yolanda Richardson,False,2025,9,Tuesday,76+
1083,Timothy Ramirez,56.0,F,"November 18, 25","February 07, 25",Tiffany Shepherd,Cardiology,Rs412.44,0,479,Timothy Ramirez,Female,2025-11-18,2025-02-07,284,False,INR,412.44,False,Cardiology,Tiffany Shepherd,False,2025,11,Tuesday,46-60
1091,Daniel Marshall,74.0,Male,11-Dec-2025,23-Apr-2025,Lisa Taylor,Cardiology,£297.5,Y,480,Daniel Marshall,Male,2025-12-11,2025-04-23,232,False,GBP,297.5,True,Cardiology,Lisa Taylor,False,2025,12,Thursday,61-75
1057,Andre Pitts,60.0,Female,"January 26, 26",30-Sep-2024,Donna Sandoval,General,€481.4,Yes,481,Andre Pitts,Female,2026-01-26,2024-09-30,483,False,EUR,481.4,True,General,Donna Sandoval,False,2026,1,Monday,46-60
1018,Mary Garcia,54.0,M,21-Oct-2025,04/11/2025,Brianna Ortega,General,$252.53,Y,482,Mary Garcia,Male,2025-10-21,2025-04-11,193,False,USD,252.53,True,General,Brianna Ortega,False,2025,10,Tuesday,46-60
1002,Lawrence Ford,89.0,F,07/09/2025,2025/01/03,Randall Watts,Neurology,€167.8,Yes,483,Lawrence Ford,Female,2025-07-09,2025-01-03,187,False,EUR,167.8,True,Neurology,Randall Watts,False,2025,7,Wednesday,76+
1084,Monica Mcclure,84.0,0,2025/05/24,"May 10, 24",Martha Byrd,General,Rs347.94,1,484,Monica Mcclure,Female,2025-05-24,2024-05-10,379,False,INR,347.94,True,General,Martha Byrd,False,2025,5,Saturday,76+
1005,Troy Richards,80.0,0,16-May-2025,2024/11/13,Thomas Baker,Neurology,£305.02,Y,485,Troy Richards,Female,2025-05-16,2024-11-13,184,False,GBP,305.02,True,Neurology,Thomas Baker,False,2025,5,Friday,76+
1094,Anna Rowe,59.0,female,2026/02/26,25-Aug-2024,Judith Preston,Neurology,€83.61,No,486,Anna Rowe,Female,2026-02-26,2024-08-25,550,False,EUR,83.61,False,Neurology,Judith Preston,False,2026,2,Thursday,46-60
1084,Michael Espinoza,55.0,Female,2025/04/29,2024/12/06,Amber King,Neurology,£360.39,N,487,Michael Espinoza,Female,2025-04-29,2024-12-06,144,False,GBP,360.39,False,Neurology,Amber King,False,2025,4,Tuesday,46-60
1044,Kenneth Dixon,68.0,male,08/19/2025,"January 31, 25",Sandra Sloan,Orthopedics,€402.4,Yes,488,Kenneth Dixon,Male,2025-08-19,2025-01-31,200,False,EUR,402.4,True,Orthopedics,Sandra Sloan,False,2025,8,Tuesday,61-75
1067,Justin Ortiz,60.0,Male,2025/11/08,03/30/2025,Russell Myers,Cardiology,£234.26,N,489,Justin Ortiz,Male,2025-11-08,2025-03-30,223,False,GBP,234.26,False,Cardiology,Russell Myers,False,2025,11,Saturday,46-60
1083,Melissa Wagner,59.0,Male,18-Sep-2025,15-Jun-2024,Megan Garcia,Neurology,Rs219.5,Y,490,Melissa Wagner,Male,2025-09-18,2024-06-15,460,False,INR,219.5,True,Neurology,Megan Garcia,False,2025,9,Thursday,46-60
1017,Jamie Miller,84.0,F,05-Feb-2026,2024/05/28,Gloria Perez,Orthopedics,€191.19,N,491,Jamie Miller,Female,2026-02-05,2024-05-28,618,False,EUR,191.19,False,Orthopedics,Gloria Perez,False,2026,2,Thursday,76+
1080,Cynthia Jones,38.0,1,05/31/2025,2024/05/26,Eugene Little,Orthopedics,Rs318.15,1,492,Cynthia Jones,Male,2025-05-31,2024-05-26,370,False,INR,318.15,True,Orthopedics,Eugene Little,False,2025,5,Saturday,31-45
1089,Henry Quinn,23.0,F,"August 10, 25",22-Apr-2025,Audrey Hansen,General,$350.0,0,493,Henry Quinn,Female,2025-08-10,2025-04-22,110,False,USD,350.0,False,General,Audrey Hansen,False,2025,8,Sunday,18-30
1070,Jake Robinson,62.0,female,"September 09, 25",25-Nov-2024,Nathan Quinn,Cardiology,Rs178.28,Yes,494,Jake Robinson,Female,2025-09-09,2024-11-25,288,False,INR,178.28,True,Cardiology,Nathan Quinn,False,2025,9,Tuesday,61-75
1093,Kimberly Morrison,34.0,0,2026/03/04,09/11/2024,Brian Young,Orthopedics,$248.31,Y,495,Kimberly Morrison,Female,2026-03-04,2024-09-11,539,False,USD,248.31,True,Orthopedics,Brian Young,False,2026,3,Wednesday,31-45
1088,Ricardo White,35.0,M,2025/10/27,07/11/2025,Tanya Barker,Cardiology,Rs352.72,1,496,Ricardo White,Male,2025-10-27,2025-07-11,108,False,INR,352.72,True,Cardiology,Tanya Barker,False,2025,10,Monday,31-45
1086,Cynthia Richard,36.0,Male,03/17/2026,"August 25, 24",Scott King,Orthopedics,€208.03,0,497,Cynthia Richard,Male,2026-03-17,2024-08-25,569,False,EUR,208.03,False,Orthopedics,Scott King,False,2026,3,Tuesday,31-45
1033,David Thompson,47.0,0,03-Dec-2025,24-Aug-2025,Derek Velazquez,Cardiology,£116.75,N,498,David Thompson,Female,2025-12-03,2025-08-24,101,False,GBP,116.75,False,Cardiology,Derek Velazquez,False,2025,12,Wednesday,46-60
1023,Mary Moon,36.0,1,10/13/2025,"January 08, 25",Ernest Rodriguez,Cardiology,€91.29,N,499,Mary Moon,Male,2025-10-13,2025-01-08,278,False,EUR,91.29,False,Cardiology,Ernest Rodriguez,False,2025,10,Monday,31-45
1053,John Gallagher,57.0,0,28-Jun-2025,2024/11/02,Kara Austin,Cardiology,€198.61,Yes,500,John Gallagher,Female,2025-06-28,2024-11-02,238,False,EUR,198.61,True,Cardiology,Kara Austin,False,2025,6,Saturday,46-60
1040,Benjamin Allen,20.0,Female,"November 22, 25",04/06/2025,Richard Johnson,Cardiology,€257.17,No,501,Benjamin Allen,Female,2025-11-22,2025-04-06,230,False,EUR,257.17,False,Cardiology,Richard Johnson,False,2025,11,Saturday,18-30
1073,Abigail Holt,50.0,0,09/11/2025,2025/03/14,Jacob Mays,Neurology,$343.79,Yes,502,Abigail Holt,Female,2025-09-11,2025-03-14,181,False,USD,343.79,True,Neurology,Jacob Mays,False,2025,9,Thursday,46-60
1031,Katherine Rogers,50.0,F,19-Nov-2025,01/15/2025,Morgan Edwards,Orthopedics,$431.21,1,503,Katherine Rogers,Female,2025-11-19,2025-01-15,308,False,USD,431.21,True,Orthopedics,Morgan Edwards,False,2025,11,Wednesday,46-60
1093,Jason Larson,66.0,F,2026/02/02,"February 14, 25",Helen Davis,Neurology,£241.91,1,504,Jason Larson,Female,2026-02-02,2025-02-14,353,False,GBP,241.91,True,Neurology,Helen Davis,False,2026,2,Monday,61-75
1029,Jesse Robertson,24.0,Male,2025/07/27,19-Jul-2025,Rebecca Gross,Orthopedics,€95.25,Yes,505,Jesse Robertson,Male,2025-07-27,2025-07-19,8,False,EUR,95.25,True,Orthopedics,Rebecca Gross,False,2025,7,Sunday,18-30
1082,Tyler Trujillo,72.0,male,2025/12/11,"January 24, 25",Andrea Walsh,Cardiology,£167.07,No,506,Tyler Trujillo,Male,2025-12-11,2025-01-24,321,False,GBP,167.07,False,Cardiology,Andrea Walsh,False,2025,12,Thursday,61-75
1099,Travis Rodriguez,85.0,M,"October 20, 25","August 10, 25",Richard Wagner,Neurology,€426.64,Yes,507,Travis Rodriguez,Male,2025-10-20,2025-08-10,71,False,EUR,426.64,True,Neurology,Richard Wagner,False,2025,10,Monday,76+
1065,Darren Alvarado,38.0,M,"May 29, 25",2025/05/13,Spencer Booth,Cardiology,€106.8,0,508,Darren Alvarado,Male,2025-05-29,2025-05-13,16,False,EUR,106.8,False,Cardiology,Spencer Booth,False,2025,5,Thursday,31-45
1041,Troy Marshall,67.0,Female,"April 17, 25",15-Sep-2024,Benjamin Robinson,Orthopedics,$478.18,0,509,Troy Marshall,Female,2025-04-17,2024-09-15,214,False,USD,478.18,False,Orthopedics,Benjamin Robinson,False,2025,4,Thursday,61-75
1003,Corey Turner,27.0,0,2025/06/05,13-Mar-2025,Heidi Baker,Orthopedics,Rs435.1,Yes,510,Corey Turner,Female,2025-06-05,2025-03-13,84,False,INR,435.1,True,Orthopedics,Heidi Baker,False,2025,6,Thursday,18-30
1038,Ashley Wright,45.0,Female,"February 26, 26",06/03/2025,Kristen Lopez,General,€403.22,Yes,511,Ashley Wright,Female,2026-02-26,2025-06-03,268,False,EUR,403.22,True,General,Kristen Lopez,False,2026,2,Thursday,31-45
1061,Jose Bauer,37.0,0,17-Oct-2025,2025/04/07,Reginald Barrett,Orthopedics,€390.81,No,512,Jose Bauer,Female,2025-10-17,2025-04-07,193,False,EUR,390.81,False,Orthopedics,Reginald Barrett,False,2025,10,Friday,31-45
1024,Jared Lester,26.0,M,"October 20, 25",09-Sep-2024,David Espinoza,Orthopedics,£310.42,N,513,Jared Lester,Male,2025-10-20,2024-09-09,406,False,GBP,310.42,False,Orthopedics,David Espinoza,False,2025,10,Monday,18-30
1017,Jeffrey Martinez,86.0,0,02/09/2026,21-Jan-2026,Michael Ross,Neurology,$469.3,0,514,Jeffrey Martinez,Female,2026-02-09,2026-01-21,19,False,USD,469.3,False,Neurology,Michael Ross,False,2026,2,Monday,76+
1010,Christopher Massey,82.0,male,07/15/2025,"May 19, 25",William Moore,Orthopedics,€495.94,Y,515,Christopher Massey,Male,2025-07-15,2025-05-19,57,False,EUR,495.94,True,Orthopedics,William Moore,False,2025,7,Tuesday,76+
1096,Erin Small,82.0,Male,"May 15, 25",2025/05/13,Jeff Lane,General,€403.87,No,516,Erin Small,Male,2025-05-15,2025-05-13,2,False,EUR,403.87,False,General,Jeff Lane,False,2025,5,Thursday,76+
1024,Pamela Dalton,18.0,M,06-Oct-2025,2024/11/28,Christopher Jones,Orthopedics,Rs466.56,0,517,Pamela Dalton,Male,2025-10-06,2024-11-28,312,False,INR,466.56,False,Orthopedics,Christopher Jones,False,2025,10,Monday,18-30
1058,Rebecca Parrish,59.0,female,2026/03/15,06-Jan-2025,Jordan Shelton,Orthopedics,$163.52,N,518,Rebecca Parrish,Female,2026-03-15,2025-01-06,433,False,USD,163.52,False,Orthopedics,Jordan Shelton,False,2026,3,Sunday,46-60
1068,Dominic Bell,37.0,male,18-Nov-2025,2024/11/18,April Castillo,Cardiology,Rs356.13,Yes,519,Dominic Bell,Male,2025-11-18,2024-11-18,365,False,INR,356.13,True,Cardiology,April Castillo,False,2025,11,Tuesday,31-45
1013,Gregory Arellano,71.0,0,2025/08/05,"July 07, 25",Natalie Smith,Orthopedics,$400.62,0,520,Gregory Arellano,Female,2025-08-05,2025-07-07,29,False,USD,400.62,False,Orthopedics,Natalie Smith,False,2025,8,Tuesday,61-75
1009,Laura Chan,49.0,0,02/17/2026,16-Jan-2026,Reginald Miller,Cardiology,$177.93,N,521,Laura Chan,Female,2026-02-17,2026-01-16,32,False,USD,177.93,False,Cardiology,Reginald Miller,False,2026,2,Tuesday,46-60
1031,Michael Watkins,35.0,M,07/06/2025,"March 05, 25",Brian Deleon,General,£313.04,Y,522,Michael Watkins,Male,2025-07-06,2025-03-05,123,False,GBP,313.04,True,General,Brian Deleon,False,2025,7,Sunday,31-45
1043,Daniel Garrett,38.0,M,01/28/2026,01-Jun-2025,Francisco Steele,Neurology,£424.5,0,523,Daniel Garrett,Male,2026-01-28,2025-06-01,241,False,GBP,424.5,False,Neurology,Francisco Steele,False,2026,1,Wednesday,31-45
1072,Ronald Gonzalez,30.0,Female,25-Jan-2026,2025/10/01,Crystal Mueller,General,Rs222.37,1,524,Ronald Gonzalez,Female,2026-01-25,2025-10-01,116,False,INR,222.37,True,General,Crystal Mueller,False,2026,1,Sunday,18-30
1055,Charles Green,80.0,female,"April 28, 25",30-Mar-2024,Lisa Hoffman,Neurology,€349.49,N,525,Charles Green,Female,2025-04-28,2024-03-30,394,False,EUR,349.49,False,Neurology,Lisa Hoffman,False,2025,4,Monday,76+
1098,Allison Ramos,75.0,Female,"December 28, 25",12/16/2024,Chase Ford,Neurology,$482.2,1,526,Allison Ramos,Female,2025-12-28,2024-12-16,377,False,USD,482.2,True,Neurology,Chase Ford,False,2025,12,Sunday,61-75
1072,Christopher Brown,49.0,F,26-Mar-2025,01/02/2025,Henry Moore,Cardiology,Rs92.08,N,527,Christopher Brown,Female,2025-03-26,2025-01-02,83,False,INR,92.08,False,Cardiology,Henry Moore,False,2025,3,Wednesday,46-60
1070,Barbara Holland,24.0,M,30-Jan-2026,12/16/2024,Chelsea Aguirre,General,€439.56,N,528,Barbara Holland,Male,2026-01-30,2024-12-16,410,False,EUR,439.56,False,General,Chelsea Aguirre,False,2026,1,Friday,18-30
1061,Matthew Herrera,74.0,female,"September 01, 25",05/26/2025,Cody Murray,General,Rs473.48,Yes,529,Matthew Herrera,Female,2025-09-01,2025-05-26,98,False,INR,473.48,True,General,Cody Murray,False,2025,9,Monday,61-75
1059,Valerie Vaughn,35.0,1,"November 11, 25",18-Jul-2024,Felicia Warner,Orthopedics,,0,530,Valerie Vaughn,Male,2025-11-11,2024-07-18,481,False,,,False,Orthopedics,Felicia Warner,False,2025,11,Tuesday,31-45
1091,Tiffany Miller,85.0,1,2025/03/29,2025/03/07,Melissa Bradley,Cardiology,€151.02,No,531,Tiffany Miller,Male,2025-03-29,2025-03-07,22,False,EUR,151.02,False,Cardiology,Melissa Bradley,False,2025,3,Saturday,76+
1003,Cassandra Cain,64.0,female,2026/01/24,"February 08, 25",Jessica Williams,Cardiology,Rs79.59,0,532,Cassandra Cain,Female,2026-01-24,2025-02-08,350,False,INR,79.59,False,Cardiology,Jessica Williams,False,2026,1,Saturday,61-75
1087,Glen Arroyo,70.0,female,2025/09/12,2024/06/03,Christopher Schneider,Neurology,£167.31,Y,533,Glen Arroyo,Female,2025-09-12,2024-06-03,466,False,GBP,167.31,True,Neurology,Christopher Schneider,False,2025,9,Friday,61-75
1049,Kimberly Hill,37.0,,05/10/2025,2024/08/26,Kenneth Long,Neurology,Rs194.81,0,534,Kimberly Hill,Unknown,2025-05-10,2024-08-26,257,False,INR,194.81,False,Neurology,Kenneth Long,False,2025,5,Saturday,31-45
1056,Erik Martinez,24.0,male,10/28/2025,2025/01/15,Jennifer Carroll,Cardiology,$97.67,Yes,535,Erik Martinez,Male,2025-10-28,2025-01-15,286,False,USD,97.67,True,Cardiology,Jennifer Carroll,False,2025,10,Tuesday,18-30
1057,Michael Bradley,86.0,0,11-Jun-2025,28-Sep-2024,Carl Gomez,Orthopedics,£254.91,No,536,Michael Bradley,Female,2025-06-11,2024-09-28,256,False,GBP,254.91,False,Orthopedics,Carl Gomez,False,2025,6,Wednesday,76+
1054,Rebecca Carey DDS,57.0,M,10/09/2025,"March 17, 25",David Carter,Neurology,$169.09,No,537,Rebecca Carey Dds,Male,2025-10-09,2025-03-17,206,False,USD,169.09,False,Neurology,David Carter,False,2025,10,Thursday,46-60
1040,Tammy Nelson,20.0,1,08/21/2025,04/15/2024,Angel Aguilar,Cardiology,,0,538,Tammy Nelson,Male,2025-08-21,2024-04-15,493,False,,,False,Cardiology,Angel Aguilar,False,2025,8,Thursday,18-30
1059,Heidi Alvarez,88.0,Male,30-Jul-2025,06/30/2025,Jeremy Wilson,General,Rs94.19,Y,539,Heidi Alvarez,Male,2025-07-30,2025-06-30,30,False,INR,94.19,True,General,Jeremy Wilson,False,2025,7,Wednesday,76+
1035,Robert Edwards,84.0,0,"October 09, 25",10-May-2025,Ashley Gonzalez,Orthopedics,£84.87,No,540,Robert Edwards,Female,2025-10-09,2025-05-10,152,False,GBP,84.87,False,Orthopedics,Ashley Gonzalez,False,2025,10,Thursday,76+
1086,Bryan Fritz,86.0,Female,2025/08/03,02/19/2025,Kelsey Hernandez,Orthopedics,$338.43,Y,541,Bryan Fritz,Female,2025-08-03,2025-02-19,165,False,USD,338.43,True,Orthopedics,Kelsey Hernandez,False,2025,8,Sunday,76+
1050,Donald Reed,60.0,F,05/06/2025,2024/10/11,Danny Webster,General,$453.66,Y,542,Donald Reed,Female,2025-05-06,2024-10-11,207,False,USD,453.66,True,General,Danny Webster,False,2025,5,Tuesday,46-60
1024,Alejandra Perkins,72.0,,"August 03, 25",2025/04/11,Daniel Dickerson,Orthopedics,,Y,543,Alejandra Perkins,Unknown,2025-08-03,2025-04-11,114,False,,,True,Orthopedics,Daniel Dickerson,False,2025,8,Sunday,61-75
1046,Jonathan Drake,76.0,M,2026/01/06,"March 16, 25",Andrew Johnson,Cardiology,£328.88,1,544,Jonathan Drake,Male,2026-01-06,2025-03-16,296,False,GBP,328.88,True,Cardiology,Andrew Johnson,False,2026,1,Tuesday,76+
1051,Sandra Wood,81.0,male,2026/02/03,29-Sep-2025,Brian Armstrong,Neurology,£51.93,0,545,Sandra Wood,Male,2026-02-03,2025-09-29,127,False,GBP,51.93,False,Neurology,Brian Armstrong,False,2026,2,Tuesday,76+
1014,Alexis Moody,81.0,F,05/29/2025,"June 11, 24",Jennifer Reyes,Orthopedics,Rs201.8,Y,546,Alexis Moody,Female,2025-05-29,2024-06-11,352,False,INR,201.8,True,Orthopedics,Jennifer Reyes,False,2025,5,Thursday,76+
1059,Carol Williams,75.0,female,15-Apr-2025,2024/06/01,Joshua Gomez,Cardiology,$129.1,Y,547,Carol Williams,Female,2025-04-15,2024-06-01,318,False,USD,129.1,True,Cardiology,Joshua Gomez,False,2025,4,Tuesday,61-75
1040,Kimberly Adkins,77.0,male,15-Dec-2025,"August 19, 24",Tamara Rivera,Cardiology,,0,548,Kimberly Adkins,Male,2025-12-15,2024-08-19,483,False,,,False,Cardiology,Tamara Rivera,False,2025,12,Monday,76+
1092,Tracie Jefferson,74.0,female,2025/07/24,"April 24, 25",Margaret Robinson,General,$153.53,Y,549,Tracie Jefferson,Female,2025-07-24,2025-04-24,91,False,USD,153.53,True,General,Margaret Robinson,False,2025,7,Thursday,61-75
1010,Aaron Young,60.0,M,26-Jan-2026,05/09/2024,Wendy Cochran,Cardiology,Rs222.33,1,550,Aaron Young,Male,2026-01-26,2024-05-09,627,False,INR,222.33,True,Cardiology,Wendy Cochran,False,2026,1,Monday,46-60
1032,Terry Dennis,28.0,M,07/14/2025,2024/08/16,Kelsey Scott,Neurology,Rs403.78,Yes,551,Terry Dennis,Male,2025-07-14,2024-08-16,332,False,INR,403.78,True,Neurology,Kelsey Scott,False,2025,7,Monday,18-30
1020,Michael Newman MD,45.0,F,"November 29, 25","August 31, 25",Ronald Santos,General,$343.21,0,552,Michael Newman Md,Female,2025-11-29,2025-08-31,90,False,USD,343.21,False,General,Ronald Santos,False,2025,11,Saturday,31-45
1020,Kristin Terry,50.0,M,18-Aug-2025,2025/05/17,Michael Brown,Neurology,£67.97,1,553,Kristin Terry,Male,2025-08-18,2025-05-17,93,False,GBP,67.97,True,Neurology,Michael Brown,False,2025,8,Monday,46-60
1017,Nicole Green,55.0,Male,2025/07/18,2024/07/06,Charles Owens,General,Rs365.21,No,554,Nicole Green,Male,2025-07-18,2024-07-06,377,False,INR,365.21,False,General,Charles Owens,False,2025,7,Friday,46-60
1007,Tina Cook,25.0,female,"December 05, 25",09/28/2024,Paul Allen,Neurology,£269.53,1,555,Tina Cook,Female,2025-12-05,2024-09-28,433,False,GBP,269.53,True,Neurology,Paul Allen,False,2025,12,Friday,18-30
1084,Robin Donovan,69.0,M,2025/03/27,08/04/2024,Brian Brown,General,$163.58,N,556,Robin Donovan,Male,2025-03-27,2024-08-04,235,False,USD,163.58,False,General,Brian Brown,False,2025,3,Thursday,61-75
1005,Bryan Meyers,84.0,Female,2026/01/05,07/11/2025,Michael Trevino,Cardiology,Rs499.36,N,557,Bryan Meyers,Female,2026-01-05,2025-07-11,178,False,INR,499.36,False,Cardiology,Michael Trevino,False,2026,1,Monday,76+
1011,Deanna Manning,50.0,female,"November 14, 25",09/14/2025,Austin Stout,Cardiology,Rs101.37,0,558,Deanna Manning,Female,2025-11-14,2025-09-14,61,False,INR,101.37,False,Cardiology,Austin Stout,False,2025,11,Friday,46-60
1085,Linda Miller,28.0,female,03/08/2026,12/08/2024,Patricia White,Orthopedics,,0,559,Linda Miller,Female,2026-03-08,2024-12-08,455,False,,,False,Orthopedics,Patricia White,False,2026,3,Sunday,18-30
1005,Kathryn Bell,24.0,Female,"June 13, 25",2024/06/06,Andre Carter,Cardiology,£442.72,N,560,Kathryn Bell,Female,2025-06-13,2024-06-06,372,False,GBP,442.72,False,Cardiology,Andre Carter,False,2025,6,Friday,18-30
1079,Patrick Ewing,52.0,M,2025/11/16,03/24/2025,Alexander Jackson,Cardiology,£224.89,0,561,Patrick Ewing,Male,2025-11-16,2025-03-24,237,False,GBP,224.89,False,Cardiology,Alexander Jackson,False,2025,11,Sunday,46-60
1090,Steven Henderson,53.0,1,2026/02/15,27-Apr-2025,Nicole Martinez,Orthopedics,Rs163.4,Y,562,Steven Henderson,Male,2026-02-15,2025-04-27,294,False,INR,163.4,True,Orthopedics,Nicole Martinez,False,2026,2,Sunday,46-60
1068,Michael Marquez,59.0,1,07/28/2025,2024/07/19,Mr. Curtis Ortiz,Cardiology,€202.98,N,563,Michael Marquez,Male,2025-07-28,2024-07-19,374,False,EUR,202.98,False,Cardiology,Mr. Curtis Ortiz,False,2025,7,Monday,46-60
1047,Brittany Thompson,31.0,female,"April 05, 25",05/08/2024,Wendy Davis,Cardiology,Rs257.1,N,564,Brittany Thompson,Female,2025-04-05,2024-05-08,332,False,INR,257.1,False,Cardiology,Wendy Davis,False,2025,4,Saturday,31-45
1009,Tracy Perez,74.0,Male,03/19/2026,11/26/2025,Lauren Rosario,Cardiology,€466.87,No,565,Tracy Perez,Male,2026-03-19,2025-11-26,113,False,EUR,466.87,False,Cardiology,Lauren Rosario,False,2026,3,Thursday,61-75
1084,Morgan Torres,83.0,M,2026/02/02,07/29/2025,April Lyons,General,,0,566,Morgan Torres,Male,2026-02-02,2025-07-29,188,False,,,False,General,April Lyons,False,2026,2,Monday,76+
1016,Jessica Price,31.0,1,27-Oct-2025,2025/03/12,Justin Rice,Orthopedics,€490.78,Y,567,Jessica Price,Male,2025-10-27,2025-03-12,229,False,EUR,490.78,True,Orthopedics,Justin Rice,False,2025,10,Monday,31-45
1068,Kayla Williams,63.0,male,10/02/2025,"June 06, 24",Aaron Cooper,General,Rs217.86,N,568,Kayla Williams,Male,2025-10-02,2024-06-06,483,False,INR,217.86,False,General,Aaron Cooper,False,2025,10,Thursday,61-75
1048,Victoria Young,47.0,F,2025/08/06,21-Jul-2025,Lauren Whitaker,Neurology,$174.04,Yes,569,Victoria Young,Female,2025-08-06,2025-07-21,16,False,USD,174.04,True,Neurology,Lauren Whitaker,False,2025,8,Wednesday,46-60
1080,Roger Hatfield,52.0,M,12-Aug-2025,01/22/2025,Victoria Lopez,Orthopedics,€196.21,No,570,Roger Hatfield,Male,2025-08-12,2025-01-22,202,False,EUR,196.21,False,Orthopedics,Victoria Lopez,False,2025,8,Tuesday,46-60
1030,Robert Lewis,66.0,female,23-Oct-2025,25-May-2024,Samantha Cameron,Cardiology,Rs490.08,Y,571,Robert Lewis,Female,2025-10-23,2024-05-25,516,False,INR,490.08,True,Cardiology,Samantha Cameron,False,2025,10,Thursday,61-75
1003,Jeremiah Perez,48.0,male,25-Jul-2025,01/14/2025,Michael Black,Orthopedics,$91.94,N,572,Jeremiah Perez,Male,2025-07-25,2025-01-14,192,False,USD,91.94,False,Orthopedics,Michael Black,False,2025,7,Friday,46-60
1047,Haley Mcintosh,74.0,0,19-Oct-2025,2024/08/07,Amanda Boyd,Orthopedics,€484.82,1,573,Haley Mcintosh,Female,2025-10-19,2024-08-07,438,False,EUR,484.82,True,Orthopedics,Amanda Boyd,False,2025,10,Sunday,61-75
1075,Kathy Rhodes,72.0,1,06/16/2025,"August 23, 24",Rachel Bright,Neurology,$175.26,1,574,Kathy Rhodes,Male,2025-06-16,2024-08-23,297,False,USD,175.26,True,Neurology,Rachel Bright,False,2025,6,Monday,61-75
1072,Louis Craig,49.0,0,13-Apr-2025,05-Oct-2024,Rachel Wood,Orthopedics,Rs484.93,N,575,Louis Craig,Female,2025-04-13,2024-10-05,190,False,INR,484.93,False,Orthopedics,Rachel Wood,False,2025,4,Sunday,46-60
1001,Jenny Black,33.0,F,2025/11/14,2025/09/06,Jamie Nunez,Neurology,$381.93,No,576,Jenny Black,Female,2025-11-14,2025-09-06,69,False,USD,381.93,False,Neurology,Jamie Nunez,False,2025,11,Friday,31-45
1009,Sarah Davis,61.0,1,01-Jan-2026,08/14/2025,Rebecca Thompson,General,Rs402.6,N,577,Sarah Davis,Male,2026-01-01,2025-08-14,140,False,INR,402.6,False,General,Rebecca Thompson,False,2026,1,Thursday,61-75
1016,Heidi Sosa,29.0,male,"November 10, 25","May 17, 25",Nancy Wilson,Cardiology,Rs241.81,Y,578,Heidi Sosa,Male,2025-11-10,2025-05-17,177,False,INR,241.81,True,Cardiology,Nancy Wilson,False,2025,11,Monday,18-30
1092,Dalton Rodriguez,54.0,1,01-Aug-2025,07-May-2024,Erica Sanchez,General,Rs467.2,1,579,Dalton Rodriguez,Male,2025-08-01,2024-05-07,451,False,INR,467.2,True,General,Erica Sanchez,False,2025,8,Friday,46-60
1001,Jacqueline West,70.0,Male,01/19/2026,2025/01/17,Steven Walker,General,£148.74,Y,580,Jacqueline West,Male,2026-01-19,2025-01-17,367,False,GBP,148.74,True,General,Steven Walker,False,2026,1,Monday,61-75
1063,Sherri Barry,48.0,Male,08/29/2025,2024/04/15,Janet Schultz,Neurology,£109.72,No,581,Sherri Barry,Male,2025-08-29,2024-04-15,501,False,GBP,109.72,False,Neurology,Janet Schultz,False,2025,8,Friday,46-60
1061,Lydia Russell,67.0,M,11/16/2025,"December 31, 24",Matthew Clark,General,£477.53,1,582,Lydia Russell,Male,2025-11-16,2024-12-31,320,False,GBP,477.53,True,General,Matthew Clark,False,2025,11,Sunday,61-75
1036,Alexander Hammond,41.0,male,29-Jun-2025,"September 21, 24",Tara Moore,Cardiology,€286.71,N,583,Alexander Hammond,Male,2025-06-29,2024-09-21,281,False,EUR,286.71,False,Cardiology,Tara Moore,False,2025,6,Sunday,31-45
1015,Nichole Anderson,87.0,,10-May-2025,"February 06, 25",Richard Vega,Cardiology,£316.89,Yes,584,Nichole Anderson,Unknown,2025-05-10,2025-02-06,93,False,GBP,316.89,True,Cardiology,Richard Vega,False,2025,5,Saturday,76+
1069,Jacqueline Peters,40.0,0,2025/12/09,11-Oct-2025,Adam Jensen,General,€266.74,Yes,585,Jacqueline Peters,Female,2025-12-09,2025-10-11,59,False,EUR,266.74,True,General,Adam Jensen,False,2025,12,Tuesday,31-45
1029,Kelly Hodge,55.0,Male,"October 15, 25",05/28/2025,Terry Jones,Orthopedics,£175.09,No,586,Kelly Hodge,Male,2025-10-15,2025-05-28,140,False,GBP,175.09,False,Orthopedics,Terry Jones,False,2025,10,Wednesday,46-60
1037,Brandi Boyd,90.0,1,12/08/2025,06-Aug-2024,Mary Jacobson,Cardiology,Rs96.2,N,587,Brandi Boyd,Male,2025-12-08,2024-08-06,489,False,INR,96.2,False,Cardiology,Mary Jacobson,False,2025,12,Monday,76+
1071,David Jones,25.0,female,02/24/2026,2025/11/21,Dakota Fleming,General,Rs443.12,0,588,David Jones,Female,2026-02-24,2025-11-21,95,False,INR,443.12,False,General,Dakota Fleming,False,2026,2,Tuesday,18-30
1023,Zachary Lewis,46.0,Female,"February 07, 26",12/19/2024,Gary Washington,Neurology,$351.94,1,589,Zachary Lewis,Female,2026-02-07,2024-12-19,415,False,USD,351.94,True,Neurology,Gary Washington,False,2026,2,Saturday,46-60
1074,Andrea Anderson,75.0,1,"August 15, 25",06/16/2024,Mary Burgess,Neurology,$59.55,Y,590,Andrea Anderson,Male,2025-08-15,2024-06-16,425,False,USD,59.55,True,Neurology,Mary Burgess,False,2025,8,Friday,61-75
1039,Shawn Castillo,68.0,male,05/02/2025,15-Feb-2025,Jennifer Carroll,Orthopedics,£339.57,No,591,Shawn Castillo,Male,2025-05-02,2025-02-15,76,False,GBP,339.57,False,Orthopedics,Jennifer Carroll,False,2025,5,Friday,61-75
1071,Jerry Holmes,88.0,M,12/05/2025,02-Aug-2024,Kim Daniels,Neurology,Rs344.57,Y,592,Jerry Holmes,Male,2025-12-05,2024-08-02,490,False,INR,344.57,True,Neurology,Kim Daniels,False,2025,12,Friday,76+
1039,Kimberly Diaz,47.0,F,06/19/2025,"May 07, 24",David Guzman,Orthopedics,$197.72,Y,593,Kimberly Diaz,Female,2025-06-19,2024-05-07,408,False,USD,197.72,True,Orthopedics,David Guzman,False,2025,6,Thursday,46-60
1082,Katherine Olson,57.0,0,2025/11/04,03/21/2025,Larry Roberts,Cardiology,£202.68,0,594,Katherine Olson,Female,2025-11-04,2025-03-21,228,False,GBP,202.68,False,Cardiology,Larry Roberts,False,2025,11,Tuesday,46-60
1084,Nathaniel White,71.0,M,"April 20, 25","July 31, 24",Andrew Clark,Cardiology,$95.4,N,595,Nathaniel White,Male,2025-04-20,2024-07-31,263,False,USD,95.4,False,Cardiology,Andrew Clark,False,2025,4,Sunday,61-75
1089,Robert Garcia,68.0,female,2025/04/03,2024/08/06,Eric Lewis,Orthopedics,€245.84,0,596,Robert Garcia,Female,2025-04-03,2024-08-06,240,False,EUR,245.84,False,Orthopedics,Eric Lewis,False,2025,4,Thursday,61-75
1031,John Gonzalez,44.0,M,"January 19, 26","June 14, 24",Richard Medina,Orthopedics,€284.66,N,597,John Gonzalez,Male,2026-01-19,2024-06-14,584,False,EUR,284.66,False,Orthopedics,Richard Medina,False,2026,1,Monday,31-45
1053,Peter Pierce,70.0,male,21-Dec-2025,2025/08/07,Deborah Snyder,Neurology,Rs389.49,No,598,Peter Pierce,Male,2025-12-21,2025-08-07,136,False,INR,389.49,False,Neurology,Deborah Snyder,False,2025,12,Sunday,61-75
1048,Elizabeth Russo,67.0,male,2025/07/03,07/30/2024,Connie Martinez,Neurology,,Yes,599,Elizabeth Russo,Male,2025-07-03,2024-07-30,338,False,,,True,Neurology,Connie Martinez,False,2025,7,Thursday,61-75
1075,Jacqueline Collins,67.0,female,2025/06/12,18-May-2025,Paul Parker,Neurology,$161.5,No,600,Jacqueline Collins,Female,2025-06-12,2025-05-18,25,False,USD,161.5,False,Neurology,Paul Parker,False,2025,6,Thursday,61-75
1033,Mckenzie Mccarty,38.0,0,2025/05/19,07/20/2024,Larry Smith,Orthopedics,£68.36,0,601,Mckenzie Mccarty,Female,2025-05-19,2024-07-20,303,False,GBP,68.36,False,Orthopedics,Larry Smith,False,2025,5,Monday,31-45
1054,Samuel Thomas,82.0,Male,06/16/2025,01-Apr-2024,Donna Johnson,General,£332.15,Yes,602,Samuel Thomas,Male,2025-06-16,2024-04-01,441,False,GBP,332.15,True,General,Donna Johnson,False,2025,6,Monday,76+
1020,Robert Williams,53.0,Male,07/24/2025,02/03/2025,Jessica Chandler,Neurology,£294.14,Y,603,Robert Williams,Male,2025-07-24,2025-02-03,171,False,GBP,294.14,True,Neurology,Jessica Chandler,False,2025,7,Thursday,46-60
1006,Brent Thompson,33.0,0,03-May-2025,11/23/2024,Pamela Cunningham,Orthopedics,€202.54,0,604,Brent Thompson,Female,2025-05-03,2024-11-23,161,False,EUR,202.54,False,Orthopedics,Pamela Cunningham,False,2025,5,Saturday,31-45
1100,Ms. Kristen Johnson,60.0,Male,02/15/2026,"April 14, 24",Susan Griffin,Neurology,Rs455.57,Y,605,Ms. Kristen Johnson,Male,2026-02-15,2024-04-14,672,False,INR,455.57,True,Neurology,Susan Griffin,False,2026,2,Sunday,46-60
1061,Darlene Clark,65.0,Male,2025/11/09,11/16/2024,Thomas Williams,Neurology,£378.58,N,606,Darlene Clark,Male,2025-11-09,2024-11-16,358,False,GBP,378.58,False,Neurology,Thomas Williams,False,2025,11,Sunday,61-75
1040,Jessica Williams,49.0,F,2025/06/21,08-Oct-2024,Corey King,General,£110.44,N,607,Jessica Williams,Female,2025-06-21,2024-10-08,256,False,GBP,110.44,False,General,Corey King,False,2025,6,Saturday,46-60
1010,Lauren Burns,23.0,Female,"April 12, 25",2024/09/13,Amy Baxter,Cardiology,£274.12,0,608,Lauren Burns,Female,2025-04-12,2024-09-13,211,False,GBP,274.12,False,Cardiology,Amy Baxter,False,2025,4,Saturday,18-30
1030,Jesse Wood,69.0,Male,01/02/2026,"September 23, 24",Deborah Vasquez,Neurology,Rs224.83,Y,609,Jesse Wood,Male,2026-01-02,2024-09-23,466,False,INR,224.83,True,Neurology,Deborah Vasquez,False,2026,1,Friday,61-75
1093,James Price,72.0,Male,2025/06/20,"September 18, 24",Jessica Garcia,General,$194.55,Y,610,James Price,Male,2025-06-20,2024-09-18,275,False,USD,194.55,True,General,Jessica Garcia,False,2025,6,Friday,61-75
1008,Darryl Murphy,82.0,male,2026/03/03,2024/11/03,Christian Chapman,Cardiology,€207.23,0,611,Darryl Murphy,Male,2026-03-03,2024-11-03,485,False,EUR,207.23,False,Cardiology,Christian Chapman,False,2026,3,Tuesday,76+
1087,Maria Boyd,69.0,Female,02-Oct-2025,02/23/2025,Mike Miller,Cardiology,€464.96,Y,612,Maria Boyd,Female,2025-10-02,2025-02-23,221,False,EUR,464.96,True,Cardiology,Mike Miller,False,2025,10,Thursday,61-75
1008,Jacqueline Howell,30.0,M,2026/02/21,2025/05/23,Felicia Smith,Cardiology,£316.64,Y,613,Jacqueline Howell,Male,2026-02-21,2025-05-23,274,False,GBP,316.64,True,Cardiology,Felicia Smith,False,2026,2,Saturday,18-30
1090,Tracy Smith,30.0,female,2025/05/24,07/05/2024,Amber Baxter,Neurology,Rs139.49,1,614,Tracy Smith,Female,2025-05-24,2024-07-05,323,False,INR,139.49,True,Neurology,Amber Baxter,False,2025,5,Saturday,18-30
1047,Victoria Perry,39.0,1,03/26/2026,08/24/2025,Heather Garcia,Neurology,€447.23,No,615,Victoria Perry,Male,2026-03-26,2025-08-24,214,False,EUR,447.23,False,Neurology,Heather Garcia,False,2026,3,Thursday,31-45
1077,Pamela Davis,78.0,0,"December 19, 25","September 15, 25",Antonio Galloway,Orthopedics,€320.38,1,616,Pamela Davis,Female,2025-12-19,2025-09-15,95,False,EUR,320.38,True,Orthopedics,Antonio Galloway,False,2025,12,Friday,76+
1055,Stephanie Carr,70.0,Female,08/26/2025,2024/12/19,David Colon,Orthopedics,$212.66,0,617,Stephanie Carr,Female,2025-08-26,2024-12-19,250,False,USD,212.66,False,Orthopedics,David Colon,False,2025,8,Tuesday,61-75
1073,Carrie Davis,50.0,,2026/01/19,2024/04/01,Michael Jones,Neurology,Rs390.86,0,618,Carrie Davis,Unknown,2026-01-19,2024-04-01,658,False,INR,390.86,False,Neurology,Michael Jones,False,2026,1,Monday,46-60
1016,Pamela Young,40.0,,"May 30, 25",05/23/2025,Yvonne Richardson,Orthopedics,$136.23,1,619,Pamela Young,Unknown,2025-05-30,2025-05-23,7,False,USD,136.23,True,Orthopedics,Yvonne Richardson,False,2025,5,Friday,31-45
1018,Leonard Clark,56.0,female,02/28/2026,"February 08, 25",Robert Foster,Cardiology,Rs68.8,1,620,Leonard Clark,Female,2026-02-28,2025-02-08,385,False,INR,68.8,True,Cardiology,Robert Foster,False,2026,2,Saturday,46-60
1035,Michele Perry,90.0,0,"August 07, 25","December 23, 24",Leslie Gomez,Neurology,€79.41,0,621,Michele Perry,Female,2025-08-07,2024-12-23,227,False,EUR,79.41,False,Neurology,Leslie Gomez,False,2025,8,Thursday,76+
1032,Ryan Tucker,89.0,Male,"February 18, 26",03-Nov-2024,Barbara Owens,Orthopedics,Rs224.61,N,622,Ryan Tucker,Male,2026-02-18,2024-11-03,472,False,INR,224.61,False,Orthopedics,Barbara Owens,False,2026,2,Wednesday,76+
1024,Kelsey Rice,20.0,M,"November 16, 25","November 19, 24",Darren Jensen,General,$190.44,N,623,Kelsey Rice,Male,2025-11-16,2024-11-19,362,False,USD,190.44,False,General,Darren Jensen,False,2025,11,Sunday,18-30
1044,Monique Daniels,25.0,F,"March 08, 26","November 11, 25",Alexander Brown,General,$316.64,Y,624,Monique Daniels,Female,2026-03-08,2025-11-11,117,False,USD,316.64,True,General,Alexander Brown,False,2026,3,Sunday,18-30
1085,Joseph Mcmillan,67.0,Female,"May 20, 25",20-Mar-2025,Frederick Nielsen,Orthopedics,Rs308.59,N,625,Joseph Mcmillan,Female,2025-05-20,2025-03-20,61,False,INR,308.59,False,Orthopedics,Frederick Nielsen,False,2025,5,Tuesday,61-75
1089,Miss Christine Lopez,75.0,female,11/30/2025,05-Jun-2025,Cynthia Turner,Cardiology,$414.58,Yes,626,Miss Christine Lopez,Female,2025-11-30,2025-06-05,178,False,USD,414.58,True,Cardiology,Cynthia Turner,False,2025,11,Sunday,61-75
1064,Christy Nunez,54.0,1,2025/07/11,2024/06/25,Theresa Parker,Cardiology,€338.24,Y,627,Christy Nunez,Male,2025-07-11,2024-06-25,381,False,EUR,338.24,True,Cardiology,Theresa Parker,False,2025,7,Friday,46-60
1077,Jeff Lynch,57.0,F,2025/12/04,12-Oct-2024,Joseph Gibbs,Neurology,€53.35,N,628,Jeff Lynch,Female,2025-12-04,2024-10-12,418,False,EUR,53.35,False,Neurology,Joseph Gibbs,False,2025,12,Thursday,46-60
1092,James Mendez,89.0,F,2025/07/02,"April 08, 25",Jackie Brooks,General,$186.43,No,629,James Mendez,Female,2025-07-02,2025-04-08,85,False,USD,186.43,False,General,Jackie Brooks,False,2025,7,Wednesday,76+
1084,Kelly Hess,42.0,Female,2025/05/19,11/07/2024,Seth Benson,General,Rs268.93,0,630,Kelly Hess,Female,2025-05-19,2024-11-07,193,False,INR,268.93,False,General,Seth Benson,False,2025,5,Monday,31-45
1044,Sandra Wilson,79.0,0,"December 23, 25",19-Feb-2025,Cheryl Adams,General,€322.0,1,631,Sandra Wilson,Female,2025-12-23,2025-02-19,307,False,EUR,322.0,True,General,Cheryl Adams,False,2025,12,Tuesday,76+
1080,Jennifer Williams,80.0,M,01/04/2026,"October 18, 25",Emily Barnes,General,$498.84,N,632,Jennifer Williams,Male,2026-01-04,2025-10-18,78,False,USD,498.84,False,General,Emily Barnes,False,2026,1,Sunday,76+
1097,Kathryn Green,86.0,,2025/05/01,"August 19, 24",Robert Moreno,Cardiology,Rs415.78,Yes,633,Kathryn Green,Unknown,2025-05-01,2024-08-19,255,False,INR,415.78,True,Cardiology,Robert Moreno,False,2025,5,Thursday,76+
1035,Holly Potter,75.0,male,11/21/2025,"January 02, 25",Christina Mitchell,General,Rs274.5,Yes,634,Holly Potter,Male,2025-11-21,2025-01-02,323,False,INR,274.5,True,General,Christina Mitchell,False,2025,11,Friday,61-75
1069,Catherine Stein,23.0,0,14-Oct-2025,02/08/2025,Donald Jacobson,Neurology,£368.24,1,635,Catherine Stein,Female,2025-10-14,2025-02-08,248,False,GBP,368.24,True,Neurology,Donald Jacobson,False,2025,10,Tuesday,18-30
1016,Wendy Andrews,46.0,M,06/18/2025,19-Oct-2024,Kimberly Wilcox,Orthopedics,Rs353.07,1,636,Wendy Andrews,Male,2025-06-18,2024-10-19,242,False,INR,353.07,True,Orthopedics,Kimberly Wilcox,False,2025,6,Wednesday,46-60
1098,Richard Alexander,29.0,F,"November 09, 25",2025/07/16,Monica Torres,Cardiology,£358.68,0,637,Richard Alexander,Female,2025-11-09,2025-07-16,116,False,GBP,358.68,False,Cardiology,Monica Torres,False,2025,11,Sunday,18-30
1012,Javier Hawkins,38.0,M,"February 01, 26",16-Apr-2024,Debra Fields,Orthopedics,$427.54,N,638,Javier Hawkins,Male,2026-02-01,2024-04-16,656,False,USD,427.54,False,Orthopedics,Debra Fields,False,2026,2,Sunday,31-45
1100,Sonya Wheeler,60.0,female,07-Sep-2025,13-Apr-2024,Adam Carlson,Orthopedics,Rs433.05,Yes,639,Sonya Wheeler,Female,2025-09-07,2024-04-13,512,False,INR,433.05,True,Orthopedics,Adam Carlson,False,2025,9,Sunday,46-60
1021,Jessica Castillo,37.0,0,2025/09/18,2024/11/17,Bryan Newton,Cardiology,€436.91,No,640,Jessica Castillo,Female,2025-09-18,2024-11-17,305,False,EUR,436.91,False,Cardiology,Bryan Newton,False,2025,9,Thursday,31-45
1078,Courtney Powell,82.0,1,2026/01/24,"October 03, 24",Kelly Hardin,Orthopedics,€252.53,0,641,Courtney Powell,Male,2026-01-24,2024-10-03,478,False,EUR,252.53,False,Orthopedics,Kelly Hardin,False,2026,1,Saturday,76+
1094,Crystal Oneal,60.0,1,"August 19, 25",2025/01/23,Harold Gray,Neurology,$421.74,Y,642,Crystal Oneal,Male,2025-08-19,2025-01-23,208,False,USD,421.74,True,Neurology,Harold Gray,False,2025,8,Tuesday,46-60
1022,Alison Robinson,83.0,Male,2025/09/15,12/23/2024,Jose Thomas,Orthopedics,£175.6,No,643,Alison Robinson,Male,2025-09-15,2024-12-23,266,False,GBP,175.6,False,Orthopedics,Jose Thomas,False,2025,9,Monday,76+
1056,Justin White,82.0,M,2026/01/04,"April 16, 25",Jose Jackson,Neurology,Rs203.05,0,644,Justin White,Male,2026-01-04,2025-04-16,263,False,INR,203.05,False,Neurology,Jose Jackson,False,2026,1,Sunday,76+
1066,Linda Ryan,76.0,male,"October 31, 25",27-Jun-2024,Sandra Johns,General,£123.13,1,645,Linda Ryan,Male,2025-10-31,2024-06-27,491,False,GBP,123.13,True,General,Sandra Johns,False,2025,10,Friday,76+
1088,Meghan Evans,79.0,0,2025/11/21,11-Sep-2025,Courtney Yang,Orthopedics,$337.15,No,646,Meghan Evans,Female,2025-11-21,2025-09-11,71,False,USD,337.15,False,Orthopedics,Courtney Yang,False,2025,11,Friday,76+
1001,Tiffany Stone,27.0,female,08/18/2025,05/23/2025,Henry Kelley,Neurology,€180.76,0,647,Tiffany Stone,Female,2025-08-18,2025-05-23,87,False,EUR,180.76,False,Neurology,Henry Kelley,False,2025,8,Monday,18-30
1076,Melanie Hernandez,19.0,0,2026/02/22,2025/06/12,Adam Anderson,Orthopedics,$445.97,Y,648,Melanie Hernandez,Female,2026-02-22,2025-06-12,255,False,USD,445.97,True,Orthopedics,Adam Anderson,False,2026,2,Sunday,18-30
1019,Gabriel Yang,41.0,male,31-Oct-2025,07/10/2024,Justin Thomas,Neurology,£236.58,0,649,Gabriel Yang,Male,2025-10-31,2024-07-10,478,False,GBP,236.58,False,Neurology,Justin Thomas,False,2025,10,Friday,31-45
1005,Nicole Garcia,55.0,F,07-Aug-2025,04/06/2024,Guy Vaughn,Cardiology,$125.33,0,650,Nicole Garcia,Female,2025-08-07,2024-04-06,488,False,USD,125.33,False,Cardiology,Guy Vaughn,False,2025,8,Thursday,46-60
1030,Jenny Martin,59.0,Male,2025/11/30,"August 01, 25",Andrew Terry,Orthopedics,€394.58,1,651,Jenny Martin,Male,2025-11-30,2025-08-01,121,False,EUR,394.58,True,Orthopedics,Andrew Terry,False,2025,11,Sunday,46-60
1088,Audrey Irwin,55.0,F,11/22/2025,09-Sep-2024,Michael Murphy,Orthopedics,€96.12,0,652,Audrey Irwin,Female,2025-11-22,2024-09-09,439,False,EUR,96.12,False,Orthopedics,Michael Murphy,False,2025,11,Saturday,46-60
1018,Bryan Armstrong,68.0,Male,22-Apr-2025,"April 03, 25",Robert Escobar,Neurology,Rs305.01,0,653,Bryan Armstrong,Male,2025-04-22,2025-04-03,19,False,INR,305.01,False,Neurology,Robert Escobar,False,2025,4,Tuesday,61-75
1092,Lisa Hill,68.0,female,06/23/2025,2024/10/24,Mia Boyd,Cardiology,$169.01,N,654,Lisa Hill,Female,2025-06-23,2024-10-24,242,False,USD,169.01,False,Cardiology,Mia Boyd,False,2025,6,Monday,61-75
1030,Susan Delgado,39.0,male,2025/11/18,"November 04, 25",Paula Mann,Neurology,€304.86,0,655,Susan Delgado,Male,2025-11-18,2025-11-04,14,False,EUR,304.86,False,Neurology,Paula Mann,False,2025,11,Tuesday,31-45
1089,Bradley Myers,63.0,M,09-Nov-2025,"December 08, 24",Mark Barrett,Neurology,Rs426.51,1,656,Bradley Myers,Male,2025-11-09,2024-12-08,336,False,INR,426.51,True,Neurology,Mark Barrett,False,2025,11,Sunday,61-75
1043,Derek Smith,82.0,0,23-May-2025,2024/10/18,Jeremy Burton,Cardiology,$215.76,N,657,Derek Smith,Female,2025-05-23,2024-10-18,217,False,USD,215.76,False,Cardiology,Jeremy Burton,False,2025,5,Friday,76+
1021,Taylor Farley,25.0,female,"October 01, 25",09/01/2024,Christy Lewis,Cardiology,$184.11,Y,658,Taylor Farley,Female,2025-10-01,2024-09-01,395,False,USD,184.11,True,Cardiology,Christy Lewis,False,2025,10,Wednesday,18-30
1086,Richard Richardson,80.0,0,2025/11/24,"December 29, 24",Robin Hebert,Cardiology,Rs226.12,1,659,Richard Richardson,Female,2025-11-24,2024-12-29,330,False,INR,226.12,True,Cardiology,Robin Hebert,False,2025,11,Monday,76+
1016,Ryan Rodriguez,53.0,female,2025/05/29,22-Feb-2025,Eric Kennedy,Orthopedics,Rs277.5,Yes,660,Ryan Rodriguez,Female,2025-05-29,2025-02-22,96,False,INR,277.5,True,Orthopedics,Eric Kennedy,False,2025,5,Thursday,46-60
1050,Jeremy Coleman,83.0,M,11-Sep-2025,03-Sep-2024,David Riley,Neurology,Rs63.99,N,661,Jeremy Coleman,Male,2025-09-11,2024-09-03,373,False,INR,63.99,False,Neurology,David Riley,False,2025,9,Thursday,76+
1079,Alexander Williams,85.0,Female,20-Mar-2026,08-Oct-2025,Erin Chandler,Orthopedics,Rs85.56,N,662,Alexander Williams,Female,2026-03-20,2025-10-08,163,False,INR,85.56,False,Orthopedics,Erin Chandler,False,2026,3,Friday,76+
1027,Steven Richards,26.0,1,2026/03/23,11-Jan-2025,Zachary Hamilton,Orthopedics,€237.1,N,663,Steven Richards,Male,2026-03-23,2025-01-11,436,False,EUR,237.1,False,Orthopedics,Zachary Hamilton,False,2026,3,Monday,18-30
1070,Toni Morris DDS,30.0,F,"December 01, 25",16-Jul-2024,Robin Medina,Orthopedics,€250.69,No,664,Toni Morris Dds,Female,2025-12-01,2024-07-16,503,False,EUR,250.69,False,Orthopedics,Robin Medina,False,2025,12,Monday,18-30
1013,Zachary Allen,21.0,Female,2026/02/24,2025/06/04,Justin Smith,Neurology,,Yes,665,Zachary Allen,Female,2026-02-24,2025-06-04,265,False,,,True,Neurology,Justin Smith,False,2026,2,Tuesday,18-30
1027,Mary Wilson,27.0,female,2025/07/04,"March 17, 25",Misty Higgins,Orthopedics,$421.57,1,666,Mary Wilson,Female,2025-07-04,2025-03-17,109,False,USD,421.57,True,Orthopedics,Misty Higgins,False,2025,7,Friday,18-30
1087,Nicole Shepard,28.0,0,23-Mar-2026,04/01/2024,Mr. Ricky Le,Cardiology,€77.79,1,667,Nicole Shepard,Female,2026-03-23,2024-04-01,721,False,EUR,77.79,True,Cardiology,Mr. Ricky Le,False,2026,3,Monday,18-30
1081,Trevor Anderson,32.0,F,06-Jul-2025,10-Apr-2025,Kenneth Johnson,Neurology,€156.32,Y,668,Trevor Anderson,Female,2025-07-06,2025-04-10,87,False,EUR,156.32,True,Neurology,Kenneth Johnson,False,2025,7,Sunday,31-45
1053,Robert Wade,87.0,male,2026/02/07,11-Jul-2024,Phillip Shelton,Orthopedics,$249.74,Y,669,Robert Wade,Male,2026-02-07,2024-07-11,576,False,USD,249.74,True,Orthopedics,Phillip Shelton,False,2026,2,Saturday,76+
1051,Oscar Luna,72.0,Female,"March 05, 26",03/26/2025,John Stewart,General,$126.56,Yes,670,Oscar Luna,Female,2026-03-05,2025-03-26,344,False,USD,126.56,True,General,John Stewart,False,2026,3,Thursday,61-75
1098,Lance Hobbs,59.0,1,2025/10/10,"August 18, 24",Mr. James Brown,General,$143.32,N,671,Lance Hobbs,Male,2025-10-10,2024-08-18,418,False,USD,143.32,False,General,Mr. James Brown,False,2025,10,Friday,46-60
1009,Misty Wells,64.0,M,"July 31, 25",23-Aug-2024,Debra Booker,Neurology,£353.8,Y,672,Misty Wells,Male,2025-07-31,2024-08-23,342,False,GBP,353.8,True,Neurology,Debra Booker,False,2025,7,Thursday,61-75
1021,Adam Mcdonald,28.0,Female,08/15/2025,2024/11/17,David Schmidt,Cardiology,£174.54,Yes,673,Adam Mcdonald,Female,2025-08-15,2024-11-17,271,False,GBP,174.54,True,Cardiology,David Schmidt,False,2025,8,Friday,18-30
1046,David Mann,68.0,male,2026/03/16,06-May-2024,Donald Ferguson,Orthopedics,£217.77,Y,674,David Mann,Male,2026-03-16,2024-05-06,679,False,GBP,217.77,True,Orthopedics,Donald Ferguson,False,2026,3,Monday,61-75
1044,Daniel White,67.0,male,04/12/2025,07/13/2024,Chad Johnson,Neurology,Rs277.51,N,675,Daniel White,Male,2025-04-12,2024-07-13,273,False,INR,277.51,False,Neurology,Chad Johnson,False,2025,4,Saturday,61-75
1058,Steven Gonzalez,37.0,1,"February 04, 26",10-Nov-2025,Jonathan Daniels,Orthopedics,£259.19,Y,676,Steven Gonzalez,Male,2026-02-04,2025-11-10,86,False,GBP,259.19,True,Orthopedics,Jonathan Daniels,False,2026,2,Wednesday,31-45
1004,Samuel Harrison,53.0,,"August 09, 25",07/06/2024,Hunter Powell,Neurology,Rs492.92,Yes,677,Samuel Harrison,Unknown,2025-08-09,2024-07-06,399,False,INR,492.92,True,Neurology,Hunter Powell,False,2025,8,Saturday,46-60
1088,Bethany Williams,21.0,M,"November 12, 25",2025/04/22,Kayla Woods,Neurology,€51.38,0,678,Bethany Williams,Male,2025-11-12,2025-04-22,204,False,EUR,51.38,False,Neurology,Kayla Woods,False,2025,11,Wednesday,18-30
1035,Eddie Tate,53.0,M,"January 26, 26",09/27/2024,Paul Johnson,Neurology,Rs374.03,1,679,Eddie Tate,Male,2026-01-26,2024-09-27,486,False,INR,374.03,True,Neurology,Paul Johnson,False,2026,1,Monday,46-60
1025,Christopher Trujillo,69.0,Male,"April 06, 25",2024/07/28,Keith Smith,Orthopedics,£175.33,0,680,Christopher Trujillo,Male,2025-04-06,2024-07-28,252,False,GBP,175.33,False,Orthopedics,Keith Smith,False,2025,4,Sunday,61-75
1068,Sarah Thompson,25.0,F,2026/02/11,20-Jun-2025,Ruth Shaw,Neurology,£129.25,0,681,Sarah Thompson,Female,2026-02-11,2025-06-20,236,False,GBP,129.25,False,Neurology,Ruth Shaw,False,2026,2,Wednesday,18-30
1014,Bradley Jones,61.0,,07/14/2025,22-Dec-2024,Douglas Patton,Cardiology,Rs257.41,1,682,Bradley Jones,Unknown,2025-07-14,2024-12-22,204,False,INR,257.41,True,Cardiology,Douglas Patton,False,2025,7,Monday,61-75
1059,Emma Ferrell,23.0,Male,10-Sep-2025,04/23/2024,David Bradford,General,€337.48,Y,683,Emma Ferrell,Male,2025-09-10,2024-04-23,505,False,EUR,337.48,True,General,David Bradford,False,2025,9,Wednesday,18-30
1021,Michael Garcia,61.0,F,04-Mar-2026,"August 10, 25",Barbara Mack,Neurology,€310.15,Yes,684,Michael Garcia,Female,2026-03-04,2025-08-10,206,False,EUR,310.15,True,Neurology,Barbara Mack,False,2026,3,Wednesday,61-75
1029,Darlene Hodge,69.0,male,"May 27, 25",2025/04/20,Amanda Cruz,Orthopedics,€63.14,N,685,Darlene Hodge,Male,2025-05-27,2025-04-20,37,False,EUR,63.14,False,Orthopedics,Amanda Cruz,False,2025,5,Tuesday,61-75
1005,Katherine Rios,23.0,0,12/24/2025,2025/01/05,Elizabeth Foster,Orthopedics,$265.67,N,686,Katherine Rios,Female,2025-12-24,2025-01-05,353,False,USD,265.67,False,Orthopedics,Elizabeth Foster,False,2025,12,Wednesday,18-30
1094,Jennifer Shaffer,59.0,0,"June 08, 25",2024/12/26,Brittany Watson,Orthopedics,$382.64,Y,687,Jennifer Shaffer,Female,2025-06-08,2024-12-26,164,False,USD,382.64,True,Orthopedics,Brittany Watson,False,2025,6,Sunday,46-60
1065,Leslie Newman,80.0,F,05/11/2025,2024/10/22,Lindsey Mendoza,Cardiology,Rs125.35,0,688,Leslie Newman,Female,2025-05-11,2024-10-22,201,False,INR,125.35,False,Cardiology,Lindsey Mendoza,False,2025,5,Sunday,76+
1058,Alejandro Romero,27.0,Male,"July 25, 25",08/28/2024,Karen Hancock,Orthopedics,£206.69,No,689,Alejandro Romero,Male,2025-07-25,2024-08-28,331,False,GBP,206.69,False,Orthopedics,Karen Hancock,False,2025,7,Friday,18-30
1076,Ashley Peterson,39.0,female,30-May-2025,06-May-2025,Kyle Mcintyre,General,£358.45,Yes,690,Ashley Peterson,Female,2025-05-30,2025-05-06,24,False,GBP,358.45,True,General,Kyle Mcintyre,False,2025,5,Friday,31-45
1073,Steven Wallace,52.0,Male,"September 25, 25",2025/01/11,Katherine Martin,Cardiology,€496.62,0,691,Steven Wallace,Male,2025-09-25,2025-01-11,257,False,EUR,496.62,False,Cardiology,Katherine Martin,False,2025,9,Thursday,46-60
1054,Lindsey Sullivan MD,66.0,Male,2025/04/08,2025/01/02,David Barnett,Orthopedics,Rs290.47,1,692,Lindsey Sullivan Md,Male,2025-04-08,2025-01-02,96,False,INR,290.47,True,Orthopedics,David Barnett,False,2025,4,Tuesday,61-75
1020,William Wilson,52.0,male,02/16/2026,14-Mar-2025,Jacob Bernard,General,€346.4,0,693,William Wilson,Male,2026-02-16,2025-03-14,339,False,EUR,346.4,False,General,Jacob Bernard,False,2026,2,Monday,46-60
1087,Kenneth Cox,78.0,Male,22-Jan-2026,06/07/2025,Brian Walker,General,$123.28,No,694,Kenneth Cox,Male,2026-01-22,2025-06-07,229,False,USD,123.28,False,General,Brian Walker,False,2026,1,Thursday,76+
1012,Susan Winters,45.0,0,25-Jul-2025,"August 31, 24",Christopher Simpson,Orthopedics,$353.09,No,695,Susan Winters,Female,2025-07-25,2024-08-31,328,False,USD,353.09,False,Orthopedics,Christopher Simpson,False,2025,7,Friday,31-45
1085,Marissa Randall,30.0,Male,23-Dec-2025,2024/06/12,Kent Cannon,Neurology,Rs299.12,1,696,Marissa Randall,Male,2025-12-23,2024-06-12,559,False,INR,299.12,True,Neurology,Kent Cannon,False,2025,12,Tuesday,18-30
1012,Lydia Davis,30.0,F,2025/12/03,"May 18, 24",Brian Rodriguez,Neurology,€286.79,1,697,Lydia Davis,Female,2025-12-03,2024-05-18,564,False,EUR,286.79,True,Neurology,Brian Rodriguez,False,2025,12,Wednesday,18-30
1063,Jason Kennedy,46.0,M,"October 18, 25","October 03, 24",Robert Fowler,Orthopedics,€330.76,N,698,Jason Kennedy,Male,2025-10-18,2024-10-03,380,False,EUR,330.76,False,Orthopedics,Robert Fowler,False,2025,10,Saturday,46-60
1046,Melissa Brown,28.0,1,"April 20, 25",2024/08/01,Bill Brown,Orthopedics,€69.76,Y,699,Melissa Brown,Male,2025-04-20,2024-08-01,262,False,EUR,69.76,True,Orthopedics,Bill Brown,False,2025,4,Sunday,18-30
1031,Shannon Vargas,57.0,0,2025/05/31,2025/02/14,Brian Caldwell,Orthopedics,$341.11,No,700,Shannon Vargas,Female,2025-05-31,2025-02-14,106,False,USD,341.11,False,Orthopedics,Brian Caldwell,False,2025,5,Saturday,46-60
1098,Jennifer Dorsey,27.0,,02/10/2026,06/29/2025,Michael Stanley,General,$147.08,N,701,Jennifer Dorsey,Unknown,2026-02-10,2025-06-29,226,False,USD,147.08,False,General,Michael Stanley,False,2026,2,Tuesday,18-30
1021,Gary Simpson,63.0,male,"July 05, 25",2025/06/21,Veronica Chen,Neurology,$462.6,1,702,Gary Simpson,Male,2025-07-05,2025-06-21,14,False,USD,462.6,True,Neurology,Veronica Chen,False,2025,7,Saturday,61-75
1085,Nicole Adams,25.0,F,13-Oct-2025,"March 13, 25",Krystal Krueger,General,€357.53,Yes,703,Nicole Adams,Female,2025-10-13,2025-03-13,214,False,EUR,357.53,True,General,Krystal Krueger,False,2025,10,Monday,18-30
1015,Gary Ramos,84.0,0,25-Mar-2026,08/31/2025,Gregory Riley,Cardiology,Rs353.35,1,704,Gary Ramos,Female,2026-03-25,2025-08-31,206,False,INR,353.35,True,Cardiology,Gregory Riley,False,2026,3,Wednesday,76+
1015,Veronica Shaw,86.0,,"September 22, 25","July 15, 24",Michael Franco,Orthopedics,£174.42,Yes,705,Veronica Shaw,Unknown,2025-09-22,2024-07-15,434,False,GBP,174.42,True,Orthopedics,Michael Franco,False,2025,9,Monday,76+
1008,Lisa Smith,40.0,0,2025/10/30,31-Jul-2024,Daniel Beck,Orthopedics,Rs449.41,N,706,Lisa Smith,Female,2025-10-30,2024-07-31,456,False,INR,449.41,False,Orthopedics,Daniel Beck,False,2025,10,Thursday,31-45
1080,Eric Lawson,78.0,male,02/02/2026,14-Nov-2025,Andrew Webb,Cardiology,$179.07,No,707,Eric Lawson,Male,2026-02-02,2025-11-14,80,False,USD,179.07,False,Cardiology,Andrew Webb,False,2026,2,Monday,76+
1067,Vanessa Wright,28.0,Male,07-Jan-2026,"August 23, 25",Virginia Sharp,Cardiology,Rs344.67,Y,708,Vanessa Wright,Male,2026-01-07,2025-08-23,137,False,INR,344.67,True,Cardiology,Virginia Sharp,False,2026,1,Wednesday,18-30
1043,Edward Thomas,80.0,F,"September 28, 25","August 30, 24",Teresa Medina,Neurology,$84.72,1,709,Edward Thomas,Female,2025-09-28,2024-08-30,394,False,USD,84.72,True,Neurology,Teresa Medina,False,2025,9,Sunday,76+
1058,Cassandra Peterson,34.0,Male,"April 23, 25",2024/12/08,Mary Sanchez,Orthopedics,,1,710,Cassandra Peterson,Male,2025-04-23,2024-12-08,136,False,,,True,Orthopedics,Mary Sanchez,False,2025,4,Wednesday,31-45
1001,Ellen Stevens,35.0,male,14-Jul-2025,02-Jul-2024,Charles Wells,Orthopedics,£479.79,0,711,Ellen Stevens,Male,2025-07-14,2024-07-02,377,False,GBP,479.79,False,Orthopedics,Charles Wells,False,2025,7,Monday,31-45
1012,Shawn Mendoza,36.0,1,2026/03/25,05/03/2024,Erin Walton,Cardiology,€77.99,N,712,Shawn Mendoza,Male,2026-03-25,2024-05-03,691,False,EUR,77.99,False,Cardiology,Erin Walton,False,2026,3,Wednesday,31-45
1066,Sandra Hill,65.0,Male,08/10/2025,"January 06, 25",Julie May,Orthopedics,Rs113.2,Yes,713,Sandra Hill,Male,2025-08-10,2025-01-06,216,False,INR,113.2,True,Orthopedics,Julie May,False,2025,8,Sunday,61-75
1015,Oscar Hunt,29.0,male,2025/06/11,"July 02, 24",Michael Mason,Cardiology,£363.04,Y,714,Oscar Hunt,Male,2025-06-11,2024-07-02,344,False,GBP,363.04,True,Cardiology,Michael Mason,False,2025,6,Wednesday,18-30
1024,Tristan Booth,22.0,,07/10/2025,07/16/2024,Alicia Hall,Neurology,$477.72,0,715,Tristan Booth,Unknown,2025-07-10,2024-07-16,359,False,USD,477.72,False,Neurology,Alicia Hall,False,2025,7,Thursday,18-30
1013,Ashlee Warren,69.0,Male,21-Jan-2026,06/01/2024,Cynthia Cruz,General,Rs289.74,1,716,Ashlee Warren,Male,2026-01-21,2024-06-01,599,False,INR,289.74,True,General,Cynthia Cruz,False,2026,1,Wednesday,61-75
1024,Alexander Vega,35.0,M,"August 17, 25",08/06/2025,Karen Gomez,Neurology,$270.15,1,717,Alexander Vega,Male,2025-08-17,2025-08-06,11,False,USD,270.15,True,Neurology,Karen Gomez,False,2025,8,Sunday,31-45
1061,Breanna Lewis,59.0,F,10/12/2025,15-Jun-2025,Jerry Tucker,Orthopedics,£155.98,Y,718,Breanna Lewis,Female,2025-10-12,2025-06-15,119,False,GBP,155.98,True,Orthopedics,Jerry Tucker,False,2025,10,Sunday,46-60
1095,Jackie Lane,56.0,1,2025/06/04,29-May-2024,Jackie Harper,Cardiology,Rs335.27,Y,719,Jackie Lane,Male,2025-06-04,2024-05-29,371,False,INR,335.27,True,Cardiology,Jackie Harper,False,2025,6,Wednesday,46-60
1048,Shawn Cordova,67.0,male,11/27/2025,07/30/2024,Wendy Mcguire,Neurology,Rs285.22,No,720,Shawn Cordova,Male,2025-11-27,2024-07-30,485,False,INR,285.22,False,Neurology,Wendy Mcguire,False,2025,11,Thursday,61-75
1033,Christina Macdonald,64.0,F,"September 16, 25",23-Jan-2025,Samuel Ramirez,General,Rs91.36,1,721,Christina Macdonald,Female,2025-09-16,2025-01-23,236,False,INR,91.36,True,General,Samuel Ramirez,False,2025,9,Tuesday,61-75
1085,Dylan Jones,22.0,female,02-Oct-2025,07/04/2025,Katherine Small,General,Rs498.58,0,722,Dylan Jones,Female,2025-10-02,2025-07-04,90,False,INR,498.58,False,General,Katherine Small,False,2025,10,Thursday,18-30
1003,Christine Herring,89.0,Female,"December 22, 25","March 08, 25",Kristin Hartman,General,€453.73,Yes,723,Christine Herring,Female,2025-12-22,2025-03-08,289,False,EUR,453.73,True,General,Kristin Hartman,False,2025,12,Monday,76+
1030,Brandon Carter,72.0,F,05/10/2025,02/27/2025,James Aguilar,Neurology,£218.54,No,724,Brandon Carter,Female,2025-05-10,2025-02-27,72,False,GBP,218.54,False,Neurology,James Aguilar,False,2025,5,Saturday,61-75
1083,Lori Dean,40.0,female,11/05/2025,15-Aug-2024,Theresa Williams,Orthopedics,Rs312.26,0,725,Lori Dean,Female,2025-11-05,2024-08-15,447,False,INR,312.26,False,Orthopedics,Theresa Williams,False,2025,11,Wednesday,31-45
1004,Deborah Robinson,36.0,0,01/25/2026,2024/10/30,Joseph Bell,Cardiology,€159.21,Yes,726,Deborah Robinson,Female,2026-01-25,2024-10-30,452,False,EUR,159.21,True,Cardiology,Joseph Bell,False,2026,1,Sunday,31-45
1051,Jason Tate,71.0,Female,01/27/2026,2025/03/07,Kimberly Young,Cardiology,€484.79,1,727,Jason Tate,Female,2026-01-27,2025-03-07,326,False,EUR,484.79,True,Cardiology,Kimberly Young,False,2026,1,Tuesday,61-75
1059,Jill Mcconnell,81.0,Female,2025/03/28,02/16/2025,Jessica Miller,Cardiology,Rs475.35,No,728,Jill Mcconnell,Female,2025-03-28,2025-02-16,40,False,INR,475.35,False,Cardiology,Jessica Miller,False,2025,3,Friday,76+
1044,Kyle Barnes Jr.,21.0,1,04/18/2025,2024/09/24,Donna Peters,General,$156.1,Y,729,Kyle Barnes Jr.,Male,2025-04-18,2024-09-24,206,False,USD,156.1,True,General,Donna Peters,False,2025,4,Friday,18-30
1068,Regina Smith,87.0,,2025/08/30,"December 15, 24",Donna Orr,General,$246.13,N,730,Regina Smith,Unknown,2025-08-30,2024-12-15,258,False,USD,246.13,False,General,Donna Orr,False,2025,8,Saturday,76+
1024,Jeffrey Warren,60.0,female,2025/07/20,2024/11/21,Mrs. Michelle Reed,Cardiology,Rs340.54,No,731,Jeffrey Warren,Female,2025-07-20,2024-11-21,241,False,INR,340.54,False,Cardiology,Mrs. Michelle Reed,False,2025,7,Sunday,46-60
1010,Andre Crosby,72.0,F,16-Feb-2026,07-Jul-2024,Douglas Smith,General,$235.81,No,732,Andre Crosby,Female,2026-02-16,2024-07-07,589,False,USD,235.81,False,General,Douglas Smith,False,2026,2,Monday,61-75
1099,Jessica Maldonado DDS,25.0,1,2025/04/21,20-Sep-2024,Kelly Thomas,Cardiology,£166.21,No,733,Jessica Maldonado Dds,Male,2025-04-21,2024-09-20,213,False,GBP,166.21,False,Cardiology,Kelly Thomas,False,2025,4,Monday,18-30
1060,Ian Bush,39.0,Male,09-Jan-2026,20-Jun-2025,Steven Welch,Cardiology,€418.29,0,734,Ian Bush,Male,2026-01-09,2025-06-20,203,False,EUR,418.29,False,Cardiology,Steven Welch,False,2026,1,Friday,31-45
1044,Nicole Warren,63.0,female,19-Sep-2025,"February 07, 25",Kimberly Beck,General,£415.35,N,735,Nicole Warren,Female,2025-09-19,2025-02-07,224,False,GBP,415.35,False,General,Kimberly Beck,False,2025,9,Friday,61-75
1047,Dennis Jacobs,33.0,1,02/18/2026,06/02/2024,Katherine Long,General,$307.29,1,736,Dennis Jacobs,Male,2026-02-18,2024-06-02,626,False,USD,307.29,True,General,Katherine Long,False,2026,2,Wednesday,31-45
1063,Edward Black,88.0,Female,12/04/2025,2025/10/11,Nathan Summers,Orthopedics,Rs268.75,No,737,Edward Black,Female,2025-12-04,2025-10-11,54,False,INR,268.75,False,Orthopedics,Nathan Summers,False,2025,12,Thursday,76+
1036,Suzanne Jenkins,44.0,1,13-Oct-2025,2024/06/16,Maureen Jacobson,Orthopedics,€248.97,1,738,Suzanne Jenkins,Male,2025-10-13,2024-06-16,484,False,EUR,248.97,True,Orthopedics,Maureen Jacobson,False,2025,10,Monday,31-45
1002,Lindsey Green,28.0,0,06/02/2025,2024/06/21,James Fleming,Neurology,$270.71,0,739,Lindsey Green,Female,2025-06-02,2024-06-21,346,False,USD,270.71,False,Neurology,James Fleming,False,2025,6,Monday,18-30
1075,Sarah Hernandez,25.0,female,09/03/2025,27-Oct-2024,Jeremy Mclaughlin,Orthopedics,$253.36,Y,740,Sarah Hernandez,Female,2025-09-03,2024-10-27,311,False,USD,253.36,True,Orthopedics,Jeremy Mclaughlin,False,2025,9,Wednesday,18-30
1090,Christina Eaton,85.0,male,2026/01/20,"March 10, 25",Stephanie Kelley DVM,Neurology,$192.87,No,741,Christina Eaton,Male,2026-01-20,2025-03-10,316,False,USD,192.87,False,Neurology,Stephanie Kelley,False,2026,1,Tuesday,76+
1000,Angela Rogers,18.0,male,08/14/2025,10-Apr-2025,Dr. Brian Smith,Orthopedics,Rs362.08,0,742,Angela Rogers,Male,2025-08-14,2025-04-10,126,False,INR,362.08,False,Orthopedics,Dr. Brian Smith,False,2025,8,Thursday,18-30
1073,Molly Hayden,75.0,,"January 06, 26",22-Feb-2025,Brian Chambers,General,£306.62,N,743,Molly Hayden,Unknown,2026-01-06,2025-02-22,318,False,GBP,306.62,False,General,Brian Chambers,False,2026,1,Tuesday,61-75
1075,Brian Clarke,73.0,1,05-Apr-2025,"December 20, 24",Amanda Hoffman,Neurology,$348.18,0,744,Brian Clarke,Male,2025-04-05,2024-12-20,106,False,USD,348.18,False,Neurology,Amanda Hoffman,False,2025,4,Saturday,61-75
1033,Steven Morgan,58.0,Male,05/24/2025,2024/09/09,Donna Adkins,Orthopedics,£298.42,1,745,Steven Morgan,Male,2025-05-24,2024-09-09,257,False,GBP,298.42,True,Orthopedics,Donna Adkins,False,2025,5,Saturday,46-60
1051,Kyle Jones,52.0,Male,"October 31, 25",01-Sep-2024,Sara Morse,Neurology,,0,746,Kyle Jones,Male,2025-10-31,2024-09-01,425,False,,,False,Neurology,Sara Morse,False,2025,10,Friday,46-60
1021,Mrs. Jennifer Ingram,41.0,M,"September 11, 25","November 30, 24",Katrina Williams MD,General,$473.2,No,747,Mrs. Jennifer Ingram,Male,2025-09-11,2024-11-30,285,False,USD,473.2,False,General,Katrina Williams,False,2025,9,Thursday,31-45
1052,Troy Torres,80.0,0,"May 04, 25",2024/09/20,Matthew Carney,Cardiology,$124.09,N,748,Troy Torres,Female,2025-05-04,2024-09-20,226,False,USD,124.09,False,Cardiology,Matthew Carney,False,2025,5,Sunday,76+
1028,Stephanie Moss,24.0,Female,2026/03/04,2025/04/02,Jason Bray,General,€52.32,Y,749,Stephanie Moss,Female,2026-03-04,2025-04-02,336,False,EUR,52.32,True,General,Jason Bray,False,2026,3,Wednesday,18-30
1062,Jade Blanchard MD,23.0,Female,29-Jan-2026,2024/07/01,Amber Waters,Orthopedics,$151.03,No,750,Jade Blanchard Md,Female,2026-01-29,2024-07-01,577,False,USD,151.03,False,Orthopedics,Amber Waters,False,2026,1,Thursday,18-30
1088,Pamela Johnson,80.0,F,01-Jul-2025,2024/11/12,Crystal Garza,General,Rs417.42,Y,751,Pamela Johnson,Female,2025-07-01,2024-11-12,231,False,INR,417.42,True,General,Crystal Garza,False,2025,7,Tuesday,76+
1028,Glenn Wall,26.0,0,15-Sep-2025,2025/05/13,Sarah Peterson,Cardiology,$112.9,Y,752,Glenn Wall,Female,2025-09-15,2025-05-13,125,False,USD,112.9,True,Cardiology,Sarah Peterson,False,2025,9,Monday,18-30
1050,Christopher Beard,65.0,male,03/04/2026,"June 01, 24",Jerry Torres,General,Rs126.44,Y,753,Christopher Beard,Male,2026-03-04,2024-06-01,641,False,INR,126.44,True,General,Jerry Torres,False,2026,3,Wednesday,61-75
1004,Darin Caldwell,54.0,M,"September 03, 25",20-Feb-2025,Danielle Pacheco,Cardiology,€185.15,No,754,Darin Caldwell,Male,2025-09-03,2025-02-20,195,False,EUR,185.15,False,Cardiology,Danielle Pacheco,False,2025,9,Wednesday,46-60
1044,Henry Henderson,58.0,male,06/10/2025,02-Aug-2024,James Love,Orthopedics,,No,755,Henry Henderson,Male,2025-06-10,2024-08-02,312,False,,,False,Orthopedics,James Love,False,2025,6,Tuesday,46-60
1030,Regina Giles,42.0,Male,10/24/2025,27-Nov-2024,Kimberly Foster,Neurology,€258.9,Y,756,Regina Giles,Male,2025-10-24,2024-11-27,331,False,EUR,258.9,True,Neurology,Kimberly Foster,False,2025,10,Friday,31-45
1073,Curtis Cooke,84.0,male,09/29/2025,2024/06/24,John Hancock,Neurology,€477.08,No,757,Curtis Cooke,Male,2025-09-29,2024-06-24,462,False,EUR,477.08,False,Neurology,John Hancock,False,2025,9,Monday,76+
1018,Joel Marshall,55.0,1,12/23/2025,23-Feb-2025,Victoria Garcia,Neurology,€306.8,0,758,Joel Marshall,Male,2025-12-23,2025-02-23,303,False,EUR,306.8,False,Neurology,Victoria Garcia,False,2025,12,Tuesday,46-60
1062,Peter Schaefer,84.0,female,08/27/2025,"June 02, 24",Carlos Spence,Cardiology,Rs190.01,No,759,Peter Schaefer,Female,2025-08-27,2024-06-02,451,False,INR,190.01,False,Cardiology,Carlos Spence,False,2025,8,Wednesday,76+
1014,Andrew Cross,67.0,Female,26-Mar-2026,03/07/2026,Victor Warner,General,Rs281.44,N,760,Andrew Cross,Female,2026-03-26,2026-03-07,19,False,INR,281.44,False,General,Victor Warner,False,2026,3,Thursday,61-75
1030,Jonathan Fernandez,40.0,Male,"December 03, 25",09/08/2025,Luis Nolan,Orthopedics,Rs252.73,Y,761,Jonathan Fernandez,Male,2025-12-03,2025-09-08,86,False,INR,252.73,True,Orthopedics,Luis Nolan,False,2025,12,Wednesday,31-45
1081,Rebecca Gould,72.0,Female,04/04/2025,12/17/2024,Xavier Richardson,General,£397.0,No,762,Rebecca Gould,Female,2025-04-04,2024-12-17,108,False,GBP,397.0,False,General,Xavier Richardson,False,2025,4,Friday,61-75
1065,Anthony Nash,32.0,Male,13-May-2025,21-Aug-2024,Brianna Shea,Cardiology,Rs392.0,1,763,Anthony Nash,Male,2025-05-13,2024-08-21,265,False,INR,392.0,True,Cardiology,Brianna Shea,False,2025,5,Tuesday,31-45
1081,Kimberly Fitzpatrick,65.0,F,"October 07, 25",09-Dec-2024,Mark Moore,Orthopedics,,No,764,Kimberly Fitzpatrick,Female,2025-10-07,2024-12-09,302,False,,,False,Orthopedics,Mark Moore,False,2025,10,Tuesday,61-75
1017,Elizabeth Duke,82.0,Female,"January 15, 26",24-Jul-2025,Michael Rogers,General,€156.61,0,765,Elizabeth Duke,Female,2026-01-15,2025-07-24,175,False,EUR,156.61,False,General,Michael Rogers,False,2026,1,Thursday,76+
1001,Richard Griffin,61.0,Male,2025/10/24,"August 21, 25",Tina Gonzalez,Orthopedics,Rs81.87,Yes,766,Richard Griffin,Male,2025-10-24,2025-08-21,64,False,INR,81.87,True,Orthopedics,Tina Gonzalez,False,2025,10,Friday,61-75
1042,Erica Jimenez,75.0,male,"December 17, 25","September 22, 24",Bethany Mcpherson,Neurology,£438.16,0,767,Erica Jimenez,Male,2025-12-17,2024-09-22,451,False,GBP,438.16,False,Neurology,Bethany Mcpherson,False,2025,12,Wednesday,61-75
1015,Melissa Allen,35.0,Female,2025/10/29,"June 13, 25",Rodney Lopez,General,£447.77,0,768,Melissa Allen,Female,2025-10-29,2025-06-13,138,False,GBP,447.77,False,General,Rodney Lopez,False,2025,10,Wednesday,31-45
1098,Manuel Becker,66.0,F,"May 17, 25",29-Aug-2024,Jacob Patel,Neurology,$139.99,N,769,Manuel Becker,Female,2025-05-17,2024-08-29,261,False,USD,139.99,False,Neurology,Jacob Patel,False,2025,5,Saturday,61-75
1099,Erika Davis,42.0,Male,"July 30, 25","March 09, 25",Jamie Andrews,Cardiology,£393.1,1,770,Erika Davis,Male,2025-07-30,2025-03-09,143,False,GBP,393.1,True,Cardiology,Jamie Andrews,False,2025,7,Wednesday,31-45
1032,Shannon Flores,19.0,0,07-Sep-2025,"May 30, 24",Scott Washington,Cardiology,£248.78,1,771,Shannon Flores,Female,2025-09-07,2024-05-30,465,False,GBP,248.78,True,Cardiology,Scott Washington,False,2025,9,Sunday,18-30
1034,Tara Garrison,41.0,M,03-Feb-2026,"October 04, 25",Stacy Hartman,Cardiology,£453.09,Yes,772,Tara Garrison,Male,2026-02-03,2025-10-04,122,False,GBP,453.09,True,Cardiology,Stacy Hartman,False,2026,2,Tuesday,31-45
1005,Pamela Davis,27.0,Female,11/23/2025,"April 12, 24",Kevin Fields,General,€57.05,1,773,Pamela Davis,Female,2025-11-23,2024-04-12,590,False,EUR,57.05,True,General,Kevin Fields,False,2025,11,Sunday,18-30
1050,Sandra Terry,21.0,0,"July 15, 25","July 23, 24",Debra Buchanan,Neurology,£386.04,0,774,Sandra Terry,Female,2025-07-15,2024-07-23,357,False,GBP,386.04,False,Neurology,Debra Buchanan,False,2025,7,Tuesday,18-30
1069,Steven Miller,20.0,1,01-May-2025,2025/04/28,Bob Shaw,Orthopedics,£204.82,N,775,Steven Miller,Male,2025-05-01,2025-04-28,3,False,GBP,204.82,False,Orthopedics,Bob Shaw,False,2025,5,Thursday,18-30
1001,Haley King,84.0,male,02/12/2026,"June 21, 24",Erin Carr,Cardiology,€239.93,No,776,Haley King,Male,2026-02-12,2024-06-21,601,False,EUR,239.93,False,Cardiology,Erin Carr,False,2026,2,Thursday,76+
1066,Jonathan Wood,74.0,Female,"May 23, 25",2024/12/26,Jon Duarte,Orthopedics,Rs486.07,Y,777,Jonathan Wood,Female,2025-05-23,2024-12-26,148,False,INR,486.07,True,Orthopedics,Jon Duarte,False,2025,5,Friday,61-75
1018,Jessica Ali,70.0,female,01-May-2025,2024/09/17,Willie Rose,Cardiology,€73.35,1,778,Jessica Ali,Female,2025-05-01,2024-09-17,226,False,EUR,73.35,True,Cardiology,Willie Rose,False,2025,5,Thursday,61-75
1033,Bridget Cooley,75.0,Female,"February 22, 26",25-Feb-2025,Ashley Edwards,General,£144.78,Yes,779,Bridget Cooley,Female,2026-02-22,2025-02-25,362,False,GBP,144.78,True,General,Ashley Edwards,False,2026,2,Sunday,61-75
1094,Brad Hill,87.0,Male,2025/10/22,02/28/2025,Emily Joseph,Cardiology,€92.16,1,780,Brad Hill,Male,2025-10-22,2025-02-28,236,False,EUR,92.16,True,Cardiology,Emily Joseph,False,2025,10,Wednesday,76+
1078,Nathan Murphy,52.0,female,24-Nov-2025,10-May-2024,Kerry Rowe,Cardiology,Rs164.9,N,781,Nathan Murphy,Female,2025-11-24,2024-05-10,563,False,INR,164.9,False,Cardiology,Kerry Rowe,False,2025,11,Monday,46-60
1072,Stephanie Caldwell MD,86.0,female,04-Jul-2025,19-Jan-2025,Darrell Mendez,Orthopedics,$74.84,Y,782,Stephanie Caldwell Md,Female,2025-07-04,2025-01-19,166,False,USD,74.84,True,Orthopedics,Darrell Mendez,False,2025,7,Friday,76+
1011,Henry Carlson,65.0,female,"September 23, 25",04/01/2024,Benjamin Brown,Orthopedics,Rs230.11,Y,783,Henry Carlson,Female,2025-09-23,2024-04-01,540,False,INR,230.11,True,Orthopedics,Benjamin Brown,False,2025,9,Tuesday,61-75
1045,Michael Evans,65.0,1,"March 28, 25","January 04, 25",Manuel Vargas,Orthopedics,€304.67,No,784,Michael Evans,Male,2025-03-28,2025-01-04,83,False,EUR,304.67,False,Orthopedics,Manuel Vargas,False,2025,3,Friday,61-75
1095,Regina Wilson,73.0,male,"December 31, 25",2024/12/14,Heidi Hamilton,Neurology,£275.12,Yes,785,Regina Wilson,Male,2025-12-31,2024-12-14,382,False,GBP,275.12,True,Neurology,Heidi Hamilton,False,2025,12,Wednesday,61-75
1074,Jeremiah Cruz,64.0,M,03/14/2026,"February 10, 26",Matthew Pratt,Neurology,€177.85,Y,786,Jeremiah Cruz,Male,2026-03-14,2026-02-10,32,False,EUR,177.85,True,Neurology,Matthew Pratt,False,2026,3,Saturday,61-75
1080,Nicholas Vasquez,49.0,male,2025/10/30,"June 12, 25",Jennifer Anderson,Neurology,Rs410.8,N,787,Nicholas Vasquez,Male,2025-10-30,2025-06-12,140,False,INR,410.8,False,Neurology,Jennifer Anderson,False,2025,10,Thursday,46-60
1069,Cheryl Smith,48.0,F,"October 01, 25","November 03, 24",Sarah Harper DDS,Cardiology,$97.46,No,788,Cheryl Smith,Female,2025-10-01,2024-11-03,332,False,USD,97.46,False,Cardiology,Sarah Harper,False,2025,10,Wednesday,46-60
1051,Matthew Moore,63.0,0,2026/03/02,2025/03/04,Erica Riley,General,Rs116.32,Yes,789,Matthew Moore,Female,2026-03-02,2025-03-04,363,False,INR,116.32,True,General,Erica Riley,False,2026,3,Monday,61-75
1092,Katherine Wilson,44.0,0,"December 01, 25",2024/07/31,Mitchell Sims,Orthopedics,$203.3,Y,790,Katherine Wilson,Female,2025-12-01,2024-07-31,488,False,USD,203.3,True,Orthopedics,Mitchell Sims,False,2025,12,Monday,31-45
1093,James Miller,23.0,Male,09-Sep-2025,2024/11/25,Dawn Collins,General,$139.43,0,791,James Miller,Male,2025-09-09,2024-11-25,288,False,USD,139.43,False,General,Dawn Collins,False,2025,9,Tuesday,18-30
1075,John Rich,48.0,0,2025/06/20,09/05/2024,Jennifer Johnston,General,,1,792,John Rich,Female,2025-06-20,2024-09-05,288,False,,,True,General,Jennifer Johnston,False,2025,6,Friday,46-60
1055,Kathleen Oneal,71.0,Male,"May 17, 25",07/28/2024,Jacob Andrade,Orthopedics,$74.36,Y,793,Kathleen Oneal,Male,2025-05-17,2024-07-28,293,False,USD,74.36,True,Orthopedics,Jacob Andrade,False,2025,5,Saturday,61-75
1033,Courtney Hunt,74.0,0,17-Aug-2025,"October 21, 24",Mrs. Kayla Peterson,General,€303.91,0,794,Courtney Hunt,Female,2025-08-17,2024-10-21,300,False,EUR,303.91,False,General,Mrs. Kayla Peterson,False,2025,8,Sunday,61-75
1074,Steven Wilson,48.0,0,2025/04/08,02/03/2025,Hannah Herrera,Cardiology,$77.48,0,795,Steven Wilson,Female,2025-04-08,2025-02-03,64,False,USD,77.48,False,Cardiology,Hannah Herrera,False,2025,4,Tuesday,46-60
1039,Meghan Sanchez,58.0,Male,04/06/2025,"August 05, 24",Judith Watson,Neurology,€282.36,1,796,Meghan Sanchez,Male,2025-04-06,2024-08-05,244,False,EUR,282.36,True,Neurology,Judith Watson,False,2025,4,Sunday,46-60
1050,Amanda Johnston,46.0,Female,"April 16, 25",2024/10/24,Angela Burton,Cardiology,,0,797,Amanda Johnston,Female,2025-04-16,2024-10-24,174,False,,,False,Cardiology,Angela Burton,False,2025,4,Wednesday,46-60
1056,Richard Jones,71.0,Female,"November 23, 25",08/16/2025,Stephen Cooper,General,£243.46,0,798,Richard Jones,Female,2025-11-23,2025-08-16,99,False,GBP,243.46,False,General,Stephen Cooper,False,2025,11,Sunday,61-75
1025,Lindsay Harris,28.0,1,26-Oct-2025,"February 22, 25",Ryan Hughes,Orthopedics,€444.38,Yes,799,Lindsay Harris,Male,2025-10-26,2025-02-22,246,False,EUR,444.38,True,Orthopedics,Ryan Hughes,False,2025,10,Sunday,18-30
1037,Kathy Banks,39.0,M,11/25/2025,2025/07/26,Anna Yoder,General,Rs319.04,Y,800,Kathy Banks,Male,2025-11-25,2025-07-26,122,False,INR,319.04,True,General,Anna Yoder,False,2025,11,Tuesday,31-45
1010,Beth Murphy,71.0,Female,30-Jun-2025,2024/08/13,Adam Davis,Orthopedics,£330.71,Y,801,Beth Murphy,Female,2025-06-30,2024-08-13,321,False,GBP,330.71,True,Orthopedics,Adam Davis,False,2025,6,Monday,61-75
1039,Barbara Johnston,46.0,F,"July 29, 25",01/12/2025,April Hood,Cardiology,Rs160.18,1,802,Barbara Johnston,Female,2025-07-29,2025-01-12,198,False,INR,160.18,True,Cardiology,April Hood,False,2025,7,Tuesday,46-60
1040,Patrick Perez,62.0,male,21-Jan-2026,2024/12/13,Jesse Edwards,Neurology,$290.14,Yes,803,Patrick Perez,Male,2026-01-21,2024-12-13,404,False,USD,290.14,True,Neurology,Jesse Edwards,False,2026,1,Wednesday,61-75
1100,Sonia Moss,52.0,Female,2025/11/06,2024/09/21,Joy Armstrong,Neurology,€244.09,1,804,Sonia Moss,Female,2025-11-06,2024-09-21,411,False,EUR,244.09,True,Neurology,Joy Armstrong,False,2025,11,Thursday,46-60
1071,Dana Mcclure,41.0,female,03/02/2026,"September 27, 25",Mark Norton,General,£150.5,N,805,Dana Mcclure,Female,2026-03-02,2025-09-27,156,False,GBP,150.5,False,General,Mark Norton,False,2026,3,Monday,31-45
1097,Ryan Williams,88.0,F,"December 27, 25","December 25, 24",Veronica Fry,General,$398.47,Y,806,Ryan Williams,Female,2025-12-27,2024-12-25,367,False,USD,398.47,True,General,Veronica Fry,False,2025,12,Saturday,76+
1047,Amy Baird,51.0,1,01-Nov-2025,09/28/2025,Diana Jones,Neurology,£262.16,1,807,Amy Baird,Male,2025-11-01,2025-09-28,34,False,GBP,262.16,True,Neurology,Diana Jones,False,2025,11,Saturday,46-60
1041,Frank Castaneda,70.0,1,"July 26, 25",09/02/2024,Christopher Chen,Neurology,,0,808,Frank Castaneda,Male,2025-07-26,2024-09-02,327,False,,,False,Neurology,Christopher Chen,False,2025,7,Saturday,61-75
1067,Benjamin Ramirez,57.0,female,"December 22, 25",01/06/2025,Wesley Johnson,Neurology,$142.33,N,809,Benjamin Ramirez,Female,2025-12-22,2025-01-06,350,False,USD,142.33,False,Neurology,Wesley Johnson,False,2025,12,Monday,46-60
1064,Matthew Buckley,57.0,male,09/07/2025,10/04/2024,Ryan Collins,General,Rs476.81,0,810,Matthew Buckley,Male,2025-09-07,2024-10-04,338,False,INR,476.81,False,General,Ryan Collins,False,2025,9,Sunday,46-60
1008,Kimberly Goodman,22.0,female,09/12/2025,"September 20, 24",Luis Kim,General,€351.04,1,811,Kimberly Goodman,Female,2025-09-12,2024-09-20,357,False,EUR,351.04,True,General,Luis Kim,False,2025,9,Friday,18-30
1097,Brandi Osborn,42.0,Female,"February 01, 26",31-Dec-2025,Daisy Rodriguez,Neurology,£73.97,No,812,Brandi Osborn,Female,2026-02-01,2025-12-31,32,False,GBP,73.97,False,Neurology,Daisy Rodriguez,False,2026,2,Sunday,31-45
1053,Christopher Lopez,39.0,1,2026/01/15,2025/11/11,Caleb Kennedy,General,$295.71,N,813,Christopher Lopez,Male,2026-01-15,2025-11-11,65,False,USD,295.71,False,General,Caleb Kennedy,False,2026,1,Thursday,31-45
1035,Ronnie Roach,46.0,F,2025/08/13,2025/05/25,Jason Houston,Cardiology,Rs167.5,1,814,Ronnie Roach,Female,2025-08-13,2025-05-25,80,False,INR,167.5,True,Cardiology,Jason Houston,False,2025,8,Wednesday,46-60
1074,Gary Taylor,87.0,,"May 19, 25",2024/06/12,Lauren Medina,General,£321.5,Y,815,Gary Taylor,Unknown,2025-05-19,2024-06-12,341,False,GBP,321.5,True,General,Lauren Medina,False,2025,5,Monday,76+
1015,Rodney Gonzalez,21.0,female,2025/07/04,07-Feb-2025,Allison Ramos,Cardiology,$168.33,N,816,Rodney Gonzalez,Female,2025-07-04,2025-02-07,147,False,USD,168.33,False,Cardiology,Allison Ramos,False,2025,7,Friday,18-30
1071,Patrick Roach,88.0,F,10/31/2025,2025/06/23,Karen Duke,Cardiology,€411.75,Yes,817,Patrick Roach,Female,2025-10-31,2025-06-23,130,False,EUR,411.75,True,Cardiology,Karen Duke,False,2025,10,Friday,76+
1044,Sandra Rojas,83.0,1,16-Jun-2025,03/07/2025,Stephanie Bryant,Cardiology,,No,818,Sandra Rojas,Male,2025-06-16,2025-03-07,101,False,,,False,Cardiology,Stephanie Bryant,False,2025,6,Monday,76+
1038,Donna Stone,29.0,F,20-Feb-2026,"August 22, 24",Daniel Bender,Neurology,£462.15,0,819,Donna Stone,Female,2026-02-20,2024-08-22,547,False,GBP,462.15,False,Neurology,Daniel Bender,False,2026,2,Friday,18-30
1001,Erik Davis,30.0,Male,"May 30, 25","December 05, 24",Amanda White,Neurology,,Yes,820,Erik Davis,Male,2025-05-30,2024-12-05,176,False,,,True,Neurology,Amanda White,False,2025,5,Friday,18-30
1056,Brian Patel,33.0,,"October 16, 25",13-Sep-2024,Tracy Harris,Orthopedics,€124.69,No,821,Brian Patel,Unknown,2025-10-16,2024-09-13,398,False,EUR,124.69,False,Orthopedics,Tracy Harris,False,2025,10,Thursday,31-45
1008,George Houston,71.0,,06-Sep-2025,2024/05/21,Brian Vincent,Neurology,€129.38,0,822,George Houston,Unknown,2025-09-06,2024-05-21,473,False,EUR,129.38,False,Neurology,Brian Vincent,False,2025,9,Saturday,61-75
1099,Mrs. Katherine Huber PhD,74.0,Male,2025/05/09,11/12/2024,Kathryn Young,Cardiology,$488.54,N,823,Mrs. Katherine Huber Phd,Male,2025-05-09,2024-11-12,178,False,USD,488.54,False,Cardiology,Kathryn Young,False,2025,5,Friday,61-75
1060,Edward Russell,26.0,Male,10/17/2025,12/12/2024,Connor Brown,Orthopedics,£93.45,No,824,Edward Russell,Male,2025-10-17,2024-12-12,309,False,GBP,93.45,False,Orthopedics,Connor Brown,False,2025,10,Friday,18-30
1080,Thomas Fleming,18.0,Male,2025/06/04,12/14/2024,Kimberly Mcdonald,Neurology,€73.45,No,825,Thomas Fleming,Male,2025-06-04,2024-12-14,172,False,EUR,73.45,False,Neurology,Kimberly Mcdonald,False,2025,6,Wednesday,18-30
1056,Savannah Butler,26.0,0,"November 26, 25",2025/04/17,James Nguyen,Neurology,$340.47,No,826,Savannah Butler,Female,2025-11-26,2025-04-17,223,False,USD,340.47,False,Neurology,James Nguyen,False,2025,11,Wednesday,18-30
1077,David Wilson,78.0,male,01/09/2026,2025/05/07,Matthew Wilson,Cardiology,£414.94,0,827,David Wilson,Male,2026-01-09,2025-05-07,247,False,GBP,414.94,False,Cardiology,Matthew Wilson,False,2026,1,Friday,76+
1036,Jacob Price,25.0,Male,"June 14, 25",04/27/2024,Kimberly Rangel,Neurology,€238.05,Yes,828,Jacob Price,Male,2025-06-14,2024-04-27,413,False,EUR,238.05,True,Neurology,Kimberly Rangel,False,2025,6,Saturday,18-30
1050,Brian Davis,41.0,female,07-Feb-2026,2025/05/27,Brian Mitchell,Orthopedics,Rs63.62,Yes,829,Brian Davis,Female,2026-02-07,2025-05-27,256,False,INR,63.62,True,Orthopedics,Brian Mitchell,False,2026,2,Saturday,31-45
1003,Kendra Jones,85.0,female,2025/07/30,14-Oct-2024,Karen Grimes,Cardiology,$101.59,1,830,Kendra Jones,Female,2025-07-30,2024-10-14,289,False,USD,101.59,True,Cardiology,Karen Grimes,False,2025,7,Wednesday,76+
1042,Anthony Medina,60.0,female,28-Mar-2025,"November 14, 24",Richard Walker,Orthopedics,$498.48,Yes,831,Anthony Medina,Female,2025-03-28,2024-11-14,134,False,USD,498.48,True,Orthopedics,Richard Walker,False,2025,3,Friday,46-60
1019,Desiree Wilkins,34.0,Female,"February 28, 26",2025/07/31,Jamie Ford,General,$305.84,Yes,832,Desiree Wilkins,Female,2026-02-28,2025-07-31,212,False,USD,305.84,True,General,Jamie Ford,False,2026,2,Saturday,31-45
1073,Ashley Cunningham,32.0,F,01/22/2026,11/29/2024,Sarah Montgomery,Cardiology,Rs160.05,Y,833,Ashley Cunningham,Female,2026-01-22,2024-11-29,419,False,INR,160.05,True,Cardiology,Sarah Montgomery,False,2026,1,Thursday,31-45
1027,Abigail Townsend,54.0,F,2025/12/10,"March 08, 25",Allison Salazar,Orthopedics,$406.61,Y,834,Abigail Townsend,Female,2025-12-10,2025-03-08,277,False,USD,406.61,True,Orthopedics,Allison Salazar,False,2025,12,Wednesday,46-60
1004,Diana Collins,47.0,Female,25-Nov-2025,2024/10/06,Glenn Bond,Cardiology,£359.32,0,835,Diana Collins,Female,2025-11-25,2024-10-06,415,False,GBP,359.32,False,Cardiology,Glenn Bond,False,2025,11,Tuesday,46-60
1077,William Roberts Jr.,21.0,F,2025/08/17,"July 02, 24",Savannah Beltran,Orthopedics,$315.17,No,836,William Roberts Jr.,Female,2025-08-17,2024-07-02,411,False,USD,315.17,False,Orthopedics,Savannah Beltran,False,2025,8,Sunday,18-30
1085,Sean Bailey,85.0,Female,2025/09/06,02/27/2025,Erika Turner,Neurology,£319.92,Y,837,Sean Bailey,Female,2025-09-06,2025-02-27,191,False,GBP,319.92,True,Neurology,Erika Turner,False,2025,9,Saturday,76+
1025,Adrian Vincent,42.0,,21-Sep-2025,05-Dec-2024,William Coleman MD,Orthopedics,£352.01,No,838,Adrian Vincent,Unknown,2025-09-21,2024-12-05,290,False,GBP,352.01,False,Orthopedics,William Coleman,False,2025,9,Sunday,31-45
1029,John Walsh,63.0,1,2025/08/13,"September 03, 24",Wanda Cox,Orthopedics,£88.56,No,839,John Walsh,Male,2025-08-13,2024-09-03,344,False,GBP,88.56,False,Orthopedics,Wanda Cox,False,2025,8,Wednesday,61-75
1052,Christopher Johnson,26.0,0,10/31/2025,2025/03/22,Susan Stanton,Neurology,$461.18,Y,840,Christopher Johnson,Female,2025-10-31,2025-03-22,223,False,USD,461.18,True,Neurology,Susan Stanton,False,2025,10,Friday,18-30
1062,Roger Holmes,85.0,female,2026/02/04,2024/12/22,Paula Stone,Cardiology,Rs206.57,1,841,Roger Holmes,Female,2026-02-04,2024-12-22,409,False,INR,206.57,True,Cardiology,Paula Stone,False,2026,2,Wednesday,76+
1014,Michael Hamilton,29.0,female,"September 03, 25",07/27/2024,Angie Smith,General,£107.34,N,842,Michael Hamilton,Female,2025-09-03,2024-07-27,403,False,GBP,107.34,False,General,Angie Smith,False,2025,9,Wednesday,18-30
1056,Courtney Gonzales,84.0,female,"May 26, 25",31-Oct-2024,Kayla Norris,Cardiology,$385.01,No,843,Courtney Gonzales,Female,2025-05-26,2024-10-31,207,False,USD,385.01,False,Cardiology,Kayla Norris,False,2025,5,Monday,76+
1073,Leslie Medina,18.0,Female,08/17/2025,"June 25, 25",Matthew Morse,Orthopedics,£490.93,Y,844,Leslie Medina,Female,2025-08-17,2025-06-25,53,False,GBP,490.93,True,Orthopedics,Matthew Morse,False,2025,8,Sunday,18-30
1009,Frank Fields,30.0,Female,"June 27, 25",2025/05/21,Heather Diaz,General,$168.86,Yes,845,Frank Fields,Female,2025-06-27,2025-05-21,37,False,USD,168.86,True,General,Heather Diaz,False,2025,6,Friday,18-30
1029,Darren Douglas,23.0,F,01-Feb-2026,2025/09/04,Andrew Gordon,Orthopedics,$463.06,Yes,846,Darren Douglas,Female,2026-02-01,2025-09-04,150,False,USD,463.06,True,Orthopedics,Andrew Gordon,False,2026,2,Sunday,18-30
1047,Jerry Jones,66.0,Male,2025/08/21,06/05/2024,Ashley Gomez,General,$261.87,0,847,Jerry Jones,Male,2025-08-21,2024-06-05,442,False,USD,261.87,False,General,Ashley Gomez,False,2025,8,Thursday,61-75
1091,Sheila Barrett,25.0,M,2025/11/19,15-Nov-2025,John Wallace,Cardiology,Rs170.53,N,848,Sheila Barrett,Male,2025-11-19,2025-11-15,4,False,INR,170.53,False,Cardiology,John Wallace,False,2025,11,Wednesday,18-30
1026,Kim Morris,56.0,F,"December 20, 25",24-Jun-2025,Michael Morris,General,$197.66,N,849,Kim Morris,Female,2025-12-20,2025-06-24,179,False,USD,197.66,False,General,Michael Morris,False,2025,12,Saturday,46-60
1075,Sarah Rivas,85.0,0,2026/03/09,18-Mar-2025,Scott Vega,Neurology,£454.23,No,850,Sarah Rivas,Female,2026-03-09,2025-03-18,356,False,GBP,454.23,False,Neurology,Scott Vega,False,2026,3,Monday,76+
1089,Adam Lane,76.0,Female,21-Mar-2026,20-Sep-2024,Lynn Dorsey,Neurology,€104.3,Y,851,Adam Lane,Female,2026-03-21,2024-09-20,547,False,EUR,104.3,True,Neurology,Lynn Dorsey,False,2026,3,Saturday,76+
1031,Ronald Taylor,43.0,M,"August 27, 25","May 11, 24",Vanessa Jackson,Neurology,$263.1,1,852,Ronald Taylor,Male,2025-08-27,2024-05-11,473,False,USD,263.1,True,Neurology,Vanessa Jackson,False,2025,8,Wednesday,31-45
1082,Angela Smith,51.0,Male,09/02/2025,"August 15, 25",Nicholas Jones,Orthopedics,£229.44,N,853,Angela Smith,Male,2025-09-02,2025-08-15,18,False,GBP,229.44,False,Orthopedics,Nicholas Jones,False,2025,9,Tuesday,46-60
1022,Chad Tyler,89.0,0,"February 02, 26","January 08, 25",Tiffany Sullivan,Neurology,£424.53,1,854,Chad Tyler,Female,2026-02-02,2025-01-08,390,False,GBP,424.53,True,Neurology,Tiffany Sullivan,False,2026,2,Monday,76+
1063,Mary Manning,48.0,F,2026/01/23,2025/10/13,William Harris,Orthopedics,$248.84,No,855,Mary Manning,Female,2026-01-23,2025-10-13,102,False,USD,248.84,False,Orthopedics,William Harris,False,2026,1,Friday,46-60
1009,Samantha Hoffman,37.0,M,2025/07/23,14-Mar-2025,Julie Smith,Cardiology,$89.38,No,856,Samantha Hoffman,Male,2025-07-23,2025-03-14,131,False,USD,89.38,False,Cardiology,Julie Smith,False,2025,7,Wednesday,31-45
1079,Shawn Juarez,64.0,1,02-Aug-2025,05/31/2025,Patrick Morrison,Neurology,€110.8,Yes,857,Shawn Juarez,Male,2025-08-02,2025-05-31,63,False,EUR,110.8,True,Neurology,Patrick Morrison,False,2025,8,Saturday,61-75
1001,Dave Summers,25.0,F,"February 09, 26","January 19, 25",Traci Hopkins,Orthopedics,$217.51,1,858,Dave Summers,Female,2026-02-09,2025-01-19,386,False,USD,217.51,True,Orthopedics,Traci Hopkins,False,2026,2,Monday,18-30
1022,Luke Brady,78.0,male,"October 09, 25",2025/06/24,Adam Hall,General,€427.98,Y,859,Luke Brady,Male,2025-10-09,2025-06-24,107,False,EUR,427.98,True,General,Adam Hall,False,2025,10,Thursday,76+
1008,Christian Guerrero,77.0,Female,07-Jan-2026,29-Jun-2024,Jennifer Perez,Cardiology,$298.89,Y,860,Christian Guerrero,Female,2026-01-07,2024-06-29,557,False,USD,298.89,True,Cardiology,Jennifer Perez,False,2026,1,Wednesday,76+
1100,Terrence Long,46.0,male,2026/02/01,06/27/2025,Natalie Rodriguez,Cardiology,£182.71,Y,861,Terrence Long,Male,2026-02-01,2025-06-27,219,False,GBP,182.71,True,Cardiology,Natalie Rodriguez,False,2026,2,Sunday,46-60
1074,Victor Everett,90.0,F,05-Nov-2025,06-Jun-2024,Jacob Diaz,General,€350.12,0,862,Victor Everett,Female,2025-11-05,2024-06-06,517,False,EUR,350.12,False,General,Jacob Diaz,False,2025,11,Wednesday,76+
1037,Amanda Stevenson,26.0,1,2026/01/17,"June 28, 24",Tyler Cunningham,General,€158.91,0,863,Amanda Stevenson,Male,2026-01-17,2024-06-28,568,False,EUR,158.91,False,General,Tyler Cunningham,False,2026,1,Saturday,18-30
1094,Vanessa Perkins,22.0,F,16-Mar-2026,"November 26, 24",Megan Smith,Orthopedics,£457.94,1,864,Vanessa Perkins,Female,2026-03-16,2024-11-26,475,False,GBP,457.94,True,Orthopedics,Megan Smith,False,2026,3,Monday,18-30
1066,Michael Davis,36.0,0,2026/01/11,09/30/2025,Karen Griffin,Cardiology,€130.9,N,865,Michael Davis,Female,2026-01-11,2025-09-30,103,False,EUR,130.9,False,Cardiology,Karen Griffin,False,2026,1,Sunday,31-45
1084,Amy Pierce,83.0,Female,"July 27, 25",28-Mar-2025,Ian Castillo,Orthopedics,$318.44,No,866,Amy Pierce,Female,2025-07-27,2025-03-28,121,False,USD,318.44,False,Orthopedics,Ian Castillo,False,2025,7,Sunday,76+
1008,Dakota Kelly,44.0,F,2025/10/07,11/17/2024,Andre Jones,Neurology,Rs291.99,0,867,Dakota Kelly,Female,2025-10-07,2024-11-17,324,False,INR,291.99,False,Neurology,Andre Jones,False,2025,10,Tuesday,31-45
1039,Erin Williams,69.0,female,2026/02/04,2024/10/17,Sean Hernandez,Cardiology,$161.56,Y,868,Erin Williams,Female,2026-02-04,2024-10-17,475,False,USD,161.56,True,Cardiology,Sean Hernandez,False,2026,2,Wednesday,61-75
1092,Tiffany Cooper,58.0,M,"July 05, 25",16-May-2025,Katrina Jones,General,€79.8,Y,869,Tiffany Cooper,Male,2025-07-05,2025-05-16,50,False,EUR,79.8,True,General,Katrina Jones,False,2025,7,Saturday,46-60
1023,Jerry White,76.0,1,2025/08/19,2025/08/15,Steven Scott,General,Rs151.58,1,870,Jerry White,Male,2025-08-19,2025-08-15,4,False,INR,151.58,True,General,Steven Scott,False,2025,8,Tuesday,76+
1004,Joseph Pace,67.0,1,20-Nov-2025,08/02/2025,Lydia Baker,Neurology,Rs338.13,Yes,871,Joseph Pace,Male,2025-11-20,2025-08-02,110,False,INR,338.13,True,Neurology,Lydia Baker,False,2025,11,Thursday,61-75
1056,Jean Kramer,30.0,,05/29/2025,"May 31, 24",Donald Clark,Orthopedics,€441.92,Yes,872,Jean Kramer,Unknown,2025-05-29,2024-05-31,363,False,EUR,441.92,True,Orthopedics,Donald Clark,False,2025,5,Thursday,18-30
1077,David Rose,78.0,M,"November 09, 25",14-Jul-2025,Dana Ewing,Orthopedics,Rs114.73,Yes,873,David Rose,Male,2025-11-09,2025-07-14,118,False,INR,114.73,True,Orthopedics,Dana Ewing,False,2025,11,Sunday,76+
1081,Christopher Lopez,45.0,M,"March 21, 26",04-May-2024,Kevin Pearson,General,£405.59,Y,874,Christopher Lopez,Male,2026-03-21,2024-05-04,686,False,GBP,405.59,True,General,Kevin Pearson,False,2026,3,Saturday,31-45
1078,James Gibbs,25.0,Female,"November 16, 25",09/22/2024,Lisa Norris,Cardiology,$368.56,No,875,James Gibbs,Female,2025-11-16,2024-09-22,420,False,USD,368.56,False,Cardiology,Lisa Norris,False,2025,11,Sunday,18-30
1054,Lori Henderson,50.0,Female,2025/06/05,19-Dec-2024,Terri Stewart,General,Rs496.31,No,876,Lori Henderson,Female,2025-06-05,2024-12-19,168,False,INR,496.31,False,General,Terri Stewart,False,2025,6,Thursday,46-60
1085,Benjamin Lewis,85.0,Male,2026/01/09,03-May-2025,Taylor Hicks,Cardiology,€213.17,No,877,Benjamin Lewis,Male,2026-01-09,2025-05-03,251,False,EUR,213.17,False,Cardiology,Taylor Hicks,False,2026,1,Friday,76+
1028,Matthew Johnson,22.0,1,12/17/2025,06-Aug-2025,John Moran,Orthopedics,€150.15,No,878,Matthew Johnson,Male,2025-12-17,2025-08-06,133,False,EUR,150.15,False,Orthopedics,John Moran,False,2025,12,Wednesday,18-30
1048,Karen Myers,89.0,0,07/20/2025,12-Jun-2024,David Wright,Neurology,€371.69,No,879,Karen Myers,Female,2025-07-20,2024-06-12,403,False,EUR,371.69,False,Neurology,David Wright,False,2025,7,Sunday,76+
1008,Shelly Chavez,34.0,Female,"October 10, 25",02-May-2025,Megan Morales,Neurology,$431.45,0,880,Shelly Chavez,Female,2025-10-10,2025-05-02,161,False,USD,431.45,False,Neurology,Megan Morales,False,2025,10,Friday,31-45
1002,Maria Williams,22.0,M,"August 17, 25",05-Jan-2025,Brandi Thomas,Orthopedics,£189.17,0,881,Maria Williams,Male,2025-08-17,2025-01-05,224,False,GBP,189.17,False,Orthopedics,Brandi Thomas,False,2025,8,Sunday,18-30
1013,Robert Humphrey,24.0,,"April 10, 25",03/22/2025,Vanessa Brown,Orthopedics,$281.71,No,882,Robert Humphrey,Unknown,2025-04-10,2025-03-22,19,False,USD,281.71,False,Orthopedics,Vanessa Brown,False,2025,4,Thursday,18-30
1032,Matthew Gutierrez,21.0,Male,"February 08, 26",05/14/2025,Lisa Smith,General,€309.31,N,883,Matthew Gutierrez,Male,2026-02-08,2025-05-14,270,False,EUR,309.31,False,General,Lisa Smith,False,2026,2,Sunday,18-30
1074,Rebecca Banks,23.0,male,05/26/2025,2025/01/17,April Randall DDS,Neurology,Rs57.03,Yes,884,Rebecca Banks,Male,2025-05-26,2025-01-17,129,False,INR,57.03,True,Neurology,April Randall,False,2025,5,Monday,18-30
1025,Ashley Rodriguez,52.0,0,06/05/2025,06-Nov-2024,Russell Zimmerman,Orthopedics,Rs219.97,N,885,Ashley Rodriguez,Female,2025-06-05,2024-11-06,211,False,INR,219.97,False,Orthopedics,Russell Zimmerman,False,2025,6,Thursday,46-60
1040,Laura Ford,36.0,,27-May-2025,2024/12/02,Kyle Evans,Orthopedics,£186.51,No,886,Laura Ford,Unknown,2025-05-27,2024-12-02,176,False,GBP,186.51,False,Orthopedics,Kyle Evans,False,2025,5,Tuesday,31-45
1089,James Stout,20.0,1,10/03/2025,30-Jul-2025,Andrea Myers,Neurology,€77.05,0,887,James Stout,Male,2025-10-03,2025-07-30,65,False,EUR,77.05,False,Neurology,Andrea Myers,False,2025,10,Friday,18-30
1069,Ashley Foster,32.0,0,"February 23, 26","January 14, 25",Melinda Cannon,General,£208.72,1,888,Ashley Foster,Female,2026-02-23,2025-01-14,405,False,GBP,208.72,True,General,Melinda Cannon,False,2026,2,Monday,31-45
1070,Christian Thomas,38.0,1,2025/07/06,2025/04/23,Gregory Tapia,Neurology,£390.16,Y,889,Christian Thomas,Male,2025-07-06,2025-04-23,74,False,GBP,390.16,True,Neurology,Gregory Tapia,False,2025,7,Sunday,31-45
1070,Stacy Gardner,53.0,,01/18/2026,"March 11, 25",Michael Campbell,Neurology,£74.78,Yes,890,Stacy Gardner,Unknown,2026-01-18,2025-03-11,313,False,GBP,74.78,True,Neurology,Michael Campbell,False,2026,1,Sunday,46-60
1077,Taylor Patterson,58.0,F,03/25/2026,2025/10/24,Ellen Miller,Neurology,$199.03,No,891,Taylor Patterson,Female,2026-03-25,2025-10-24,152,False,USD,199.03,False,Neurology,Ellen Miller,False,2026,3,Wednesday,46-60
1082,Justin Zimmerman,61.0,M,2025/11/05,2025/09/20,Tammy Thomas,Cardiology,£245.09,0,892,Justin Zimmerman,Male,2025-11-05,2025-09-20,46,False,GBP,245.09,False,Cardiology,Tammy Thomas,False,2025,11,Wednesday,61-75
1053,Jaclyn Knight,66.0,0,08/24/2025,05/19/2024,John Oliver,Orthopedics,£282.03,0,893,Jaclyn Knight,Female,2025-08-24,2024-05-19,462,False,GBP,282.03,False,Orthopedics,John Oliver,False,2025,8,Sunday,61-75
1083,Jessica Rodriguez,18.0,Male,2025/04/21,"September 04, 24",Jeffrey Martin,Neurology,Rs411.85,Yes,894,Jessica Rodriguez,Male,2025-04-21,2024-09-04,229,False,INR,411.85,True,Neurology,Jeffrey Martin,False,2025,4,Monday,18-30
1096,Patricia Johnson DDS,70.0,1,"June 12, 25",2024/11/27,Ana Hunt,Neurology,£144.89,Yes,895,Patricia Johnson Dds,Male,2025-06-12,2024-11-27,197,False,GBP,144.89,True,Neurology,Ana Hunt,False,2025,6,Thursday,61-75
1043,Alexandra Sandoval,31.0,male,"November 21, 25","August 16, 25",Rachel Moore,Neurology,Rs198.95,N,896,Alexandra Sandoval,Male,2025-11-21,2025-08-16,97,False,INR,198.95,False,Neurology,Rachel Moore,False,2025,11,Friday,31-45
1058,Mandy Smith,64.0,Male,2025/04/14,02/04/2025,Brian Olson,Neurology,Rs246.05,1,897,Mandy Smith,Male,2025-04-14,2025-02-04,69,False,INR,246.05,True,Neurology,Brian Olson,False,2025,4,Monday,61-75
1080,Danny Cooper,21.0,male,27-Apr-2025,2025/03/13,Mark Morrison,Neurology,€164.43,Yes,898,Danny Cooper,Male,2025-04-27,2025-03-13,45,False,EUR,164.43,True,Neurology,Mark Morrison,False,2025,4,Sunday,18-30
1097,Dr. Christina Dunn,51.0,female,2025/09/11,"June 13, 24",Madeline Sharp,General,Rs381.59,No,899,Dr. Christina Dunn,Female,2025-09-11,2024-06-13,455,False,INR,381.59,False,General,Madeline Sharp,False,2025,9,Thursday,46-60
1054,Rachel Porter,29.0,M,17-May-2025,2024/10/06,Patrick Russell,Neurology,€341.42,N,900,Rachel Porter,Male,2025-05-17,2024-10-06,223,False,EUR,341.42,False,Neurology,Patrick Russell,False,2025,5,Saturday,18-30
1075,Megan Williams,51.0,Male,12/11/2025,10/19/2025,Melissa Khan,Neurology,Rs456.12,No,901,Megan Williams,Male,2025-12-11,2025-10-19,53,False,INR,456.12,False,Neurology,Melissa Khan,False,2025,12,Thursday,46-60
1036,Michelle Hill,82.0,male,12/08/2025,07-Apr-2024,Rachel Sanchez,General,Rs371.84,Y,902,Michelle Hill,Male,2025-12-08,2024-04-07,610,False,INR,371.84,True,General,Rachel Sanchez,False,2025,12,Monday,76+
1064,Donna Green,78.0,female,"January 14, 26",2025/05/07,Clifford Ramirez,Orthopedics,€263.23,No,903,Donna Green,Female,2026-01-14,2025-05-07,252,False,EUR,263.23,False,Orthopedics,Clifford Ramirez,False,2026,1,Wednesday,76+
1015,Leon Anderson,63.0,1,28-Nov-2025,2024/09/24,Mary Chandler,Neurology,$427.62,Yes,904,Leon Anderson,Male,2025-11-28,2024-09-24,430,False,USD,427.62,True,Neurology,Mary Chandler,False,2025,11,Friday,61-75
1045,Cheryl Ruiz,66.0,1,"May 23, 25","April 29, 24",Maria Thomas,Orthopedics,£100.78,Yes,905,Cheryl Ruiz,Male,2025-05-23,2024-04-29,389,False,GBP,100.78,True,Orthopedics,Maria Thomas,False,2025,5,Friday,61-75
1016,Keith Douglas,49.0,male,16-Sep-2025,"May 02, 25",Dawn Browning,Orthopedics,,0,906,Keith Douglas,Male,2025-09-16,2025-05-02,137,False,,,False,Orthopedics,Dawn Browning,False,2025,9,Tuesday,46-60
1006,Christina Spencer,61.0,M,2025/11/14,2024/05/10,Mark Kelley,Orthopedics,£308.28,N,907,Christina Spencer,Male,2025-11-14,2024-05-10,553,False,GBP,308.28,False,Orthopedics,Mark Kelley,False,2025,11,Friday,61-75
1058,April Rios,30.0,F,2026/02/26,2026/02/07,Megan Mccann,General,€471.3,0,908,April Rios,Female,2026-02-26,2026-02-07,19,False,EUR,471.3,False,General,Megan Mccann,False,2026,2,Thursday,18-30
1050,Mallory Martin,23.0,1,10/27/2025,2025/06/22,David Whitney,Cardiology,Rs437.95,1,909,Mallory Martin,Male,2025-10-27,2025-06-22,127,False,INR,437.95,True,Cardiology,David Whitney,False,2025,10,Monday,18-30
1016,Elizabeth Johnson,87.0,female,24-Jan-2026,"December 09, 24",Dr. Mary Day,General,Rs461.32,Y,910,Elizabeth Johnson,Female,2026-01-24,2024-12-09,411,False,INR,461.32,True,General,Dr. Mary Day,False,2026,1,Saturday,76+
1014,Ellen Rogers,31.0,0,"August 30, 25","January 17, 25",Tammie Melendez,General,€424.17,Y,911,Ellen Rogers,Female,2025-08-30,2025-01-17,225,False,EUR,424.17,True,General,Tammie Melendez,False,2025,8,Saturday,31-45
1070,Kenneth Jenkins,49.0,0,"May 20, 25",2024/09/12,Tanya Eaton,General,€428.7,Yes,912,Kenneth Jenkins,Female,2025-05-20,2024-09-12,250,False,EUR,428.7,True,General,Tanya Eaton,False,2025,5,Tuesday,46-60
1068,Duane Mitchell,52.0,Female,"January 12, 26",09/08/2024,Helen Jackson,Neurology,€159.11,0,913,Duane Mitchell,Female,2026-01-12,2024-09-08,491,False,EUR,159.11,False,Neurology,Helen Jackson,False,2026,1,Monday,46-60
1088,Mr. Paul Chavez,65.0,M,2025/07/23,2025/02/04,Evan Marquez,Neurology,$159.06,Y,914,Mr. Paul Chavez,Male,2025-07-23,2025-02-04,169,False,USD,159.06,True,Neurology,Evan Marquez,False,2025,7,Wednesday,61-75
1012,Ian Weaver,18.0,F,2026/01/19,06/01/2025,Audrey Torres,Neurology,Rs317.16,Yes,915,Ian Weaver,Female,2026-01-19,2025-06-01,232,False,INR,317.16,True,Neurology,Audrey Torres,False,2026,1,Monday,18-30
1066,Daniel White,37.0,Female,"May 25, 25","October 12, 24",Justin Hall,General,€470.63,Y,916,Daniel White,Female,2025-05-25,2024-10-12,225,False,EUR,470.63,True,General,Justin Hall,False,2025,5,Sunday,31-45
1071,Brian Riley,74.0,M,"August 23, 25","September 24, 24",Charles Kemp,Cardiology,$153.44,N,917,Brian Riley,Male,2025-08-23,2024-09-24,333,False,USD,153.44,False,Cardiology,Charles Kemp,False,2025,8,Saturday,61-75
1094,Joshua Wallace,60.0,,12/26/2025,22-May-2024,Melissa Price,General,€416.08,0,918,Joshua Wallace,Unknown,2025-12-26,2024-05-22,583,False,EUR,416.08,False,General,Melissa Price,False,2025,12,Friday,46-60
1075,Amy Cruz,43.0,1,12/14/2025,"February 28, 25",Tony Burke,Neurology,€458.79,Yes,919,Amy Cruz,Male,2025-12-14,2025-02-28,289,False,EUR,458.79,True,Neurology,Tony Burke,False,2025,12,Sunday,31-45
1077,Carly Dixon,30.0,male,29-May-2025,01/26/2025,Gary Murray,Orthopedics,$125.8,0,920,Carly Dixon,Male,2025-05-29,2025-01-26,123,False,USD,125.8,False,Orthopedics,Gary Murray,False,2025,5,Thursday,18-30
1044,Pamela Bradshaw,43.0,male,02-Apr-2025,08-Jul-2024,Donald Mitchell,General,Rs352.94,0,921,Pamela Bradshaw,Male,2025-04-02,2024-07-08,268,False,INR,352.94,False,General,Donald Mitchell,False,2025,4,Wednesday,31-45
1084,Rebecca Hall,68.0,Male,22-Jul-2025,28-Jun-2025,Kevin Mendoza DVM,General,€111.4,0,922,Rebecca Hall,Male,2025-07-22,2025-06-28,24,False,EUR,111.4,False,General,Kevin Mendoza,False,2025,7,Tuesday,61-75
1060,James Lopez,85.0,female,"September 19, 25","September 16, 25",Carla Cole,Cardiology,€161.54,Y,923,James Lopez,Female,2025-09-19,2025-09-16,3,False,EUR,161.54,True,Cardiology,Carla Cole,False,2025,9,Friday,76+
1055,Christopher Powell,69.0,Male,"March 31, 25",11/05/2024,Gary Wood,Orthopedics,Rs479.37,Yes,924,Christopher Powell,Male,2025-03-31,2024-11-05,146,False,INR,479.37,True,Orthopedics,Gary Wood,False,2025,3,Monday,61-75
1046,Barbara Dalton,29.0,1,"April 07, 25","June 02, 24",Rachel Holloway,Cardiology,$306.94,1,925,Barbara Dalton,Male,2025-04-07,2024-06-02,309,False,USD,306.94,True,Cardiology,Rachel Holloway,False,2025,4,Monday,18-30
1087,Alejandra Turner,31.0,0,2025/05/31,05/24/2025,Bradley Jones,Cardiology,€194.95,Yes,926,Alejandra Turner,Female,2025-05-31,2025-05-24,7,False,EUR,194.95,True,Cardiology,Bradley Jones,False,2025,5,Saturday,31-45
1020,Kelsey Shaffer,56.0,M,"April 20, 25",07-Dec-2024,Christina Simmons,Neurology,€91.05,Y,927,Kelsey Shaffer,Male,2025-04-20,2024-12-07,134,False,EUR,91.05,True,Neurology,Christina Simmons,False,2025,4,Sunday,46-60
1047,Kara Stewart,63.0,F,21-Apr-2025,03/06/2025,Becky Sanchez,Neurology,€290.36,No,928,Kara Stewart,Female,2025-04-21,2025-03-06,46,False,EUR,290.36,False,Neurology,Becky Sanchez,False,2025,4,Monday,61-75
1053,Kenneth Fox,86.0,0,"October 13, 25",2024/08/12,Kimberly Sullivan,General,$85.53,1,929,Kenneth Fox,Female,2025-10-13,2024-08-12,427,False,USD,85.53,True,General,Kimberly Sullivan,False,2025,10,Monday,76+
1031,Michelle Bradford,31.0,0,"March 17, 26",02-Aug-2025,Robert Williams,Cardiology,€419.74,Yes,930,Michelle Bradford,Female,2026-03-17,2025-08-02,227,False,EUR,419.74,True,Cardiology,Robert Williams,False,2026,3,Tuesday,31-45
1041,Amy Wilson,81.0,Male,2025/09/26,01-Feb-2025,Nathan Mathews,Orthopedics,,0,931,Amy Wilson,Male,2025-09-26,2025-02-01,237,False,,,False,Orthopedics,Nathan Mathews,False,2025,9,Friday,76+
1047,Danielle Ortega,76.0,Male,08/18/2025,"June 14, 25",Tiffany Lowery,Orthopedics,$83.67,N,932,Danielle Ortega,Male,2025-08-18,2025-06-14,65,False,USD,83.67,False,Orthopedics,Tiffany Lowery,False,2025,8,Monday,76+
1012,Gregory Hines,76.0,M,02/07/2026,"January 15, 26",Rebecca Goodwin,Orthopedics,Rs255.43,No,933,Gregory Hines,Male,2026-02-07,2026-01-15,23,False,INR,255.43,False,Orthopedics,Rebecca Goodwin,False,2026,2,Saturday,76+
1034,Amanda Douglas,90.0,1,03/07/2026,2024/06/25,Gregory Gonzalez,General,,0,934,Amanda Douglas,Male,2026-03-07,2024-06-25,620,False,,,False,General,Gregory Gonzalez,False,2026,3,Saturday,76+
1091,Scott Walker,62.0,Male,03/22/2026,2025/11/28,Brianna Hernandez,Neurology,$433.63,Y,935,Scott Walker,Male,2026-03-22,2025-11-28,114,False,USD,433.63,True,Neurology,Brianna Hernandez,False,2026,3,Sunday,61-75
1034,Teresa Kim,71.0,Male,"December 26, 25",2024/04/27,Gregory Brown,Neurology,Rs461.04,0,936,Teresa Kim,Male,2025-12-26,2024-04-27,608,False,INR,461.04,False,Neurology,Gregory Brown,False,2025,12,Friday,61-75
1072,Kimberly Miller,59.0,female,"April 25, 25",2024/04/30,Anna Jennings,Cardiology,£261.01,Y,937,Kimberly Miller,Female,2025-04-25,2024-04-30,360,False,GBP,261.01,True,Cardiology,Anna Jennings,False,2025,4,Friday,46-60
1048,Ashley Black,84.0,F,05/29/2025,29-Jan-2025,Dennis Murphy,Neurology,,N,938,Ashley Black,Female,2025-05-29,2025-01-29,120,False,,,False,Neurology,Dennis Murphy,False,2025,5,Thursday,76+
1068,Wendy Parks,40.0,male,2026/02/14,09-Sep-2025,Melissa Williams,Neurology,,1,939,Wendy Parks,Male,2026-02-14,2025-09-09,158,False,,,True,Neurology,Melissa Williams,False,2026,2,Saturday,31-45
1063,Stacy Clements,75.0,female,06/03/2025,2024/11/09,Cynthia Dunn,Cardiology,Rs96.19,Yes,940,Stacy Clements,Female,2025-06-03,2024-11-09,206,False,INR,96.19,True,Cardiology,Cynthia Dunn,False,2025,6,Tuesday,61-75
1063,Kyle Gibbs,58.0,Female,2026/02/25,10/29/2024,Christopher Guzman,Neurology,£248.76,0,941,Kyle Gibbs,Female,2026-02-25,2024-10-29,484,False,GBP,248.76,False,Neurology,Christopher Guzman,False,2026,2,Wednesday,46-60
1045,Beth Stephens,24.0,female,02-Dec-2025,04/13/2025,Scott Nguyen,General,Rs246.63,0,942,Beth Stephens,Female,2025-12-02,2025-04-13,233,False,INR,246.63,False,General,Scott Nguyen,False,2025,12,Tuesday,18-30
1028,Michael Heath,88.0,1,2025/10/29,"March 22, 25",Benjamin Brown,Cardiology,Rs256.59,Yes,943,Michael Heath,Male,2025-10-29,2025-03-22,221,False,INR,256.59,True,Cardiology,Benjamin Brown,False,2025,10,Wednesday,76+
1025,James Malone,84.0,Female,"September 26, 25",06/16/2025,Rhonda Oconnor,Neurology,$326.84,Y,944,James Malone,Female,2025-09-26,2025-06-16,102,False,USD,326.84,True,Neurology,Rhonda Oconnor,False,2025,9,Friday,76+
1046,Christina Moore,64.0,1,05/31/2025,"August 21, 24",Joshua Martin,Orthopedics,£476.97,N,945,Christina Moore,Male,2025-05-31,2024-08-21,283,False,GBP,476.97,False,Orthopedics,Joshua Martin,False,2025,5,Saturday,61-75
1036,Katie Mcdaniel,76.0,0,"January 10, 26",2025/07/31,Aaron Perkins,General,$136.77,Y,946,Katie Mcdaniel,Female,2026-01-10,2025-07-31,163,False,USD,136.77,True,General,Aaron Perkins,False,2026,1,Saturday,76+
1026,Scott Thompson,49.0,Male,14-Feb-2026,2025/03/11,Erika Richards,Neurology,€466.59,No,947,Scott Thompson,Male,2026-02-14,2025-03-11,340,False,EUR,466.59,False,Neurology,Erika Richards,False,2026,2,Saturday,46-60
1097,Jon Berry,27.0,male,02-Nov-2025,2024/04/25,Heather Foster,General,€342.3,Yes,948,Jon Berry,Male,2025-11-02,2024-04-25,556,False,EUR,342.3,True,General,Heather Foster,False,2025,11,Sunday,18-30
1014,Connie Wheeler,29.0,1,2025/12/30,08/08/2025,Sherri Buckley,Neurology,€444.2,N,949,Connie Wheeler,Male,2025-12-30,2025-08-08,144,False,EUR,444.2,False,Neurology,Sherri Buckley,False,2025,12,Tuesday,18-30
1085,Jonathan Howell,63.0,Male,2025/08/12,"November 03, 24",Darryl Case,Orthopedics,Rs421.18,Y,950,Jonathan Howell,Male,2025-08-12,2024-11-03,282,False,INR,421.18,True,Orthopedics,Darryl Case,False,2025,8,Tuesday,61-75
1005,Michelle King,54.0,Male,07-May-2025,2024/06/22,Anthony Hughes,General,€386.3,No,951,Michelle King,Male,2025-05-07,2024-06-22,319,False,EUR,386.3,False,General,Anthony Hughes,False,2025,5,Wednesday,46-60
1075,Christine Barron,59.0,M,"March 20, 26",24-Dec-2025,Thomas Clark MD,Cardiology,Rs107.04,1,952,Christine Barron,Male,2026-03-20,2025-12-24,86,False,INR,107.04,True,Cardiology,Thomas Clark,False,2026,3,Friday,46-60
1082,Dr. Karen Miller DDS,37.0,Male,19-Apr-2025,2024/04/29,Martin Herring,Orthopedics,£381.15,0,953,Dr. Karen Miller Dds,Male,2025-04-19,2024-04-29,355,False,GBP,381.15,False,Orthopedics,Martin Herring,False,2025,4,Saturday,31-45
1089,Kimberly Barnett,69.0,male,10/04/2025,07/31/2025,William Bryan,General,€477.98,Y,954,Kimberly Barnett,Male,2025-10-04,2025-07-31,65,False,EUR,477.98,True,General,William Bryan,False,2025,10,Saturday,61-75
1092,Abigail Warner,53.0,Female,10/25/2025,2024/05/23,Heather Stokes,Orthopedics,€418.27,Y,955,Abigail Warner,Female,2025-10-25,2024-05-23,520,False,EUR,418.27,True,Orthopedics,Heather Stokes,False,2025,10,Saturday,46-60
1066,Melissa Vaughn,46.0,1,26-Mar-2026,21-Jun-2025,Vickie Johnson,Cardiology,€300.52,0,956,Melissa Vaughn,Male,2026-03-26,2025-06-21,278,False,EUR,300.52,False,Cardiology,Vickie Johnson,False,2026,3,Thursday,46-60
1016,Jocelyn Strickland,22.0,M,30-Apr-2025,"July 10, 24",Vincent Kemp,Cardiology,,N,957,Jocelyn Strickland,Male,2025-04-30,2024-07-10,294,False,,,False,Cardiology,Vincent Kemp,False,2025,4,Wednesday,18-30
1041,Lindsay Shaw,43.0,0,17-Sep-2025,"May 09, 24",Julia Mcmillan,Orthopedics,£485.93,0,958,Lindsay Shaw,Female,2025-09-17,2024-05-09,496,False,GBP,485.93,False,Orthopedics,Julia Mcmillan,False,2025,9,Wednesday,31-45
1052,Melvin Bowers,88.0,0,"December 15, 25",14-Nov-2025,Robin Diaz,Orthopedics,£164.2,1,959,Melvin Bowers,Female,2025-12-15,2025-11-14,31,False,GBP,164.2,True,Orthopedics,Robin Diaz,False,2025,12,Monday,76+
1051,Victoria Gilbert,64.0,F,"April 08, 25",2024/07/23,April Spears,Cardiology,$390.1,No,960,Victoria Gilbert,Female,2025-04-08,2024-07-23,259,False,USD,390.1,False,Cardiology,April Spears,False,2025,4,Tuesday,61-75
1035,John Marsh,33.0,male,05/04/2025,2024/06/04,Michael Wright,General,£407.7,1,961,John Marsh,Male,2025-05-04,2024-06-04,334,False,GBP,407.7,True,General,Michael Wright,False,2025,5,Sunday,31-45
1074,Eugene Underwood,80.0,M,2025/11/11,"May 20, 25",Benjamin Williams,Neurology,Rs467.55,No,962,Eugene Underwood,Male,2025-11-11,2025-05-20,175,False,INR,467.55,False,Neurology,Benjamin Williams,False,2025,11,Tuesday,76+
1098,Michelle Payne,87.0,M,02-Jul-2025,"November 25, 24",Cassandra Bishop,Orthopedics,€119.41,0,963,Michelle Payne,Male,2025-07-02,2024-11-25,219,False,EUR,119.41,False,Orthopedics,Cassandra Bishop,False,2025,7,Wednesday,76+
1100,Melanie Lee,31.0,M,10/01/2025,"October 25, 24",Andrea Kennedy,Cardiology,£441.89,No,964,Melanie Lee,Male,2025-10-01,2024-10-25,341,False,GBP,441.89,False,Cardiology,Andrea Kennedy,False,2025,10,Wednesday,31-45
1049,Jessica Murray,20.0,1,2025/12/29,06/23/2025,James Harris,General,Rs184.38,N,965,Jessica Murray,Male,2025-12-29,2025-06-23,189,False,INR,184.38,False,General,James Harris,False,2025,12,Monday,18-30
1021,William Villarreal,80.0,1,"June 15, 25",17-Aug-2024,Ronald Davis,Orthopedics,$269.35,1,966,William Villarreal,Male,2025-06-15,2024-08-17,302,False,USD,269.35,True,Orthopedics,Ronald Davis,False,2025,6,Sunday,76+
1069,Monica Jones,18.0,1,2025/10/17,07-May-2024,Cheryl Bailey,Cardiology,Rs363.94,No,967,Monica Jones,Male,2025-10-17,2024-05-07,528,False,INR,363.94,False,Cardiology,Cheryl Bailey,False,2025,10,Friday,18-30
1056,Craig Parsons,71.0,0,2026/01/09,"December 15, 25",Jose Price,General,£323.0,0,968,Craig Parsons,Female,2026-01-09,2025-12-15,25,False,GBP,323.0,False,General,Jose Price,False,2026,1,Friday,61-75
1036,Cameron Lopez,44.0,female,"April 27, 25",13-Dec-2024,Christopher Williams,Orthopedics,$163.0,Yes,969,Cameron Lopez,Female,2025-04-27,2024-12-13,135,False,USD,163.0,True,Orthopedics,Christopher Williams,False,2025,4,Sunday,31-45
1063,Daniel Green,32.0,Male,"July 05, 25","January 04, 25",James Fox,Orthopedics,Rs254.14,1,970,Daniel Green,Male,2025-07-05,2025-01-04,182,False,INR,254.14,True,Orthopedics,James Fox,False,2025,7,Saturday,31-45
1081,William Hatfield,32.0,M,26-Feb-2026,"April 14, 25",Kristen Lopez,Neurology,$112.79,0,971,William Hatfield,Male,2026-02-26,2025-04-14,318,False,USD,112.79,False,Neurology,Kristen Lopez,False,2026,2,Thursday,31-45
1042,Dawn Bryant,48.0,0,14-Jun-2025,03/21/2025,Charles Nguyen,Cardiology,Rs164.15,Y,972,Dawn Bryant,Female,2025-06-14,2025-03-21,85,False,INR,164.15,True,Cardiology,Charles Nguyen,False,2025,6,Saturday,46-60
1082,Joseph Rodriguez,69.0,female,2025/05/25,06/15/2024,Douglas Foster,Cardiology,€94.37,1,973,Joseph Rodriguez,Female,2025-05-25,2024-06-15,344,False,EUR,94.37,True,Cardiology,Douglas Foster,False,2025,5,Sunday,61-75
1002,Bailey Williamson,88.0,F,"October 17, 25",05/24/2025,George Singleton,Cardiology,$368.53,No,974,Bailey Williamson,Female,2025-10-17,2025-05-24,146,False,USD,368.53,False,Cardiology,George Singleton,False,2025,10,Friday,76+
1047,Jeffrey Johnston,36.0,1,2026/01/21,"January 06, 25",Cynthia Baker,Orthopedics,Rs240.37,0,975,Jeffrey Johnston,Male,2026-01-21,2025-01-06,380,False,INR,240.37,False,Orthopedics,Cynthia Baker,False,2026,1,Wednesday,31-45
1043,Brandy Estes MD,64.0,male,2025/10/26,2024/05/15,Andrea Lam,Neurology,£238.59,Y,976,Brandy Estes Md,Male,2025-10-26,2024-05-15,529,False,GBP,238.59,True,Neurology,Andrea Lam,False,2025,10,Sunday,61-75
1072,Kristin Combs,38.0,F,2025/10/28,12-Dec-2024,Frank Anderson,General,Rs279.32,0,977,Kristin Combs,Female,2025-10-28,2024-12-12,320,False,INR,279.32,False,General,Frank Anderson,False,2025,10,Tuesday,31-45
1085,Alex Rowe,34.0,male,11/28/2025,06/15/2025,Derek Doyle,Cardiology,Rs114.8,0,978,Alex Rowe,Male,2025-11-28,2025-06-15,166,False,INR,114.8,False,Cardiology,Derek Doyle,False,2025,11,Friday,31-45
1088,Kevin Peters,19.0,female,07/23/2025,2025/04/28,Nancy Wilson,General,€96.78,N,979,Kevin Peters,Female,2025-07-23,2025-04-28,86,False,EUR,96.78,False,General,Nancy Wilson,False,2025,7,Wednesday,18-30
1059,Hunter Miller,65.0,F,2025/07/24,05/31/2025,Kathy Lawson,Neurology,£384.42,0,980,Hunter Miller,Female,2025-07-24,2025-05-31,54,False,GBP,384.42,False,Neurology,Kathy Lawson,False,2025,7,Thursday,61-75
1028,Rebecca Franklin,43.0,0,"July 03, 25",2024/05/16,Daniel Love,Neurology,Rs187.7,1,981,Rebecca Franklin,Female,2025-07-03,2024-05-16,413,False,INR,187.7,True,Neurology,Daniel Love,False,2025,7,Thursday,31-45
1019,David Chapman,66.0,F,07/27/2025,"July 17, 25",Rachel Wells,Orthopedics,£382.67,No,982,David Chapman,Female,2025-07-27,2025-07-17,10,False,GBP,382.67,False,Orthopedics,Rachel Wells,False,2025,7,Sunday,61-75
1012,Timothy Fowler,78.0,female,"July 15, 25",04-Jul-2025,Donna Stephens,General,€236.27,0,983,Timothy Fowler,Female,2025-07-15,2025-07-04,11,False,EUR,236.27,False,General,Donna Stephens,False,2025,7,Tuesday,76+
1049,Megan Russell,84.0,Male,12/26/2025,07-Aug-2025,Autumn Hill,Cardiology,$359.17,Y,984,Megan Russell,Male,2025-12-26,2025-08-07,141,False,USD,359.17,True,Cardiology,Autumn Hill,False,2025,12,Friday,76+
1081,Courtney Wright,43.0,,26-Jul-2025,"May 24, 24",Daniel Morris,Orthopedics,Rs362.65,1,985,Courtney Wright,Unknown,2025-07-26,2024-05-24,428,False,INR,362.65,True,Orthopedics,Daniel Morris,False,2025,7,Saturday,31-45
1045,Natalie Marquez,29.0,female,07/18/2025,"March 24, 25",Jennifer Paul,Neurology,£401.58,No,986,Natalie Marquez,Female,2025-07-18,2025-03-24,116,False,GBP,401.58,False,Neurology,Jennifer Paul,False,2025,7,Friday,18-30
1076,Sarah Wilson,79.0,M,2026/02/21,"August 08, 24",Courtney Foley,Orthopedics,$120.7,Y,987,Sarah Wilson,Male,2026-02-21,2024-08-08,562,False,USD,120.7,True,Orthopedics,Courtney Foley,False,2026,2,Saturday,76+
1047,Ashley Estes,54.0,1,2025/06/02,31-Jul-2024,Stephanie Mercer,Cardiology,£405.15,Yes,988,Ashley Estes,Male,2025-06-02,2024-07-31,306,False,GBP,405.15,True,Cardiology,Stephanie Mercer,False,2025,6,Monday,46-60
1068,William Bentley,42.0,Male,21-Oct-2025,2025/03/31,Jacob Mckay,Neurology,$263.3,Yes,989,William Bentley,Male,2025-10-21,2025-03-31,204,False,USD,263.3,True,Neurology,Jacob Mckay,False,2025,10,Tuesday,31-45
1021,James Carey,41.0,1,03-Apr-2025,"August 22, 24",James Berger,Orthopedics,£470.08,1,990,James Carey,Male,2025-04-03,2024-08-22,224,False,GBP,470.08,True,Orthopedics,James Berger,False,2025,4,Thursday,31-45
1052,Nicholas Mcdaniel,48.0,F,"August 09, 25",2025/04/26,Daniel Smith,Orthopedics,€79.73,0,991,Nicholas Mcdaniel,Female,2025-08-09,2025-04-26,105,False,EUR,79.73,False,Orthopedics,Daniel Smith,False,2025,8,Saturday,46-60
1075,Cheryl Rogers,43.0,M,01/12/2026,10/30/2025,Victoria Hansen,General,£376.76,Y,992,Cheryl Rogers,Male,2026-01-12,2025-10-30,74,False,GBP,376.76,True,General,Victoria Hansen,False,2026,1,Monday,31-45
1047,Patricia Jackson,76.0,0,28-Feb-2026,11/19/2024,Jennifer Martin,Cardiology,Rs378.92,0,993,Patricia Jackson,Female,2026-02-28,2024-11-19,466,False,INR,378.92,False,Cardiology,Jennifer Martin,False,2026,2,Saturday,76+
1017,Erin Bates,50.0,M,2025/06/13,15-Jan-2025,Chelsea Harris,Cardiology,$370.13,Y,994,Erin Bates,Male,2025-06-13,2025-01-15,149,False,USD,370.13,True,Cardiology,Chelsea Harris,False,2025,6,Friday,46-60
1068,Aaron Holder,19.0,Male,2026/01/26,"November 28, 24",Lauren Ayers,General,Rs377.38,Y,995,Aaron Holder,Male,2026-01-26,2024-11-28,424,False,INR,377.38,True,General,Lauren Ayers,False,2026,1,Monday,18-30
1082,Thomas Roman,64.0,Female,"September 14, 25",2024/07/15,Robert Bass,General,Rs200.43,Yes,996,Thomas Roman,Female,2025-09-14,2024-07-15,426,False,INR,200.43,True,General,Robert Bass,False,2025,9,Sunday,61-75
1008,Jack Cooper,67.0,F,"April 09, 25","June 20, 24",Christopher Smith,General,Rs244.49,No,997,Jack Cooper,Female,2025-04-09,2024-06-20,293,False,INR,244.49,False,General,Christopher Smith,False,2025,4,Wednesday,61-75
1022,Christopher Brown,28.0,1,"February 13, 26",2024/06/13,Kimberly Johnson,Neurology,£154.48,N,998,Christopher Brown,Male,2026-02-13,2024-06-13,610,False,GBP,154.48,False,Neurology,Kimberly Johnson,False,2026,2,Friday,18-30
1088,Michael Sullivan,65.0,F,2025/07/04,2024/04/15,Anthony Mccoy,Neurology,$434.95,0,999,Michael Sullivan,Female,2025-07-04,2024-04-15,445,False,USD,434.95,False,Neurology,Anthony Mccoy,False,2025,7,Friday,61-75
1003,Perry Crawford,79.0,Male,05-Nov-2025,2024/07/22,Marvin Hicks,Cardiology,€102.23,Y,1000,Perry Crawford,Male,2025-11-05,2024-07-22,471,False,EUR,102.23,True,Cardiology,Marvin Hicks,False,2025,11,Wednesday,76+
